S01100002E2E2F50726F746575732E73313966
S32D0000C000000000205DC2000011C3000017C300001DC3000023C3000029C3000000000000000000000000000073
S32D0000C028000000002FC3000035C30000000000003BC3000041C30000F1C90000FDC9000009CA000015CA0000CC
S32D0000C05021CA00002DCA000039CA000045CA000051CA00005DCA000069CA000075CA000081CA00008DCA000078
S32D0000C07899CA0000A5CA0000B1CA0000BDCA0000C9CA0000D5CA0000E1CA0000EDCA0000F9CA000005CB00009F
S32D0000C0A011CB00001DCB000029CB000035CB000041CB00004DCB000059CB000065CB000071CB00007DCB0000BE
S32D0000C0C889CB000095CB0000A1CB0000ADCB0000B9CB0000C5CB0000D1CB0000DDCB0000E9CB0000F5CB0000E6
S32D0000C0F001CC0000591001000DCC000019CC000025CC000031CC00003DCC000049CC000055CC000061CC0000D3
S32D0000C1186DCC000079CC000085CC000091CC00009DCC0000A9CC0000B5CC0000C1CC0000CDCC0000D9CC0000A3
S32D0000C140E5CC0000F1CC0000FDCC000009CD000065F6000015CD000021CD00002DCD000039CD000045CD000087
S32D0000C16851CD00005DCD000069CD000075CD000081CD00008DCD000099CD0000A5CD0000B1CD0000BDCD000061
S32D0000C190C9CD0000D5CD0000E1CD00007DF3000045F20000E1F2000075C700001DF40000EDCD0000F9CD000054
S32D0000C1B805CE0000002B020000000020D8160000002B02000000FF1F00000000D81600207C0400000000FF1F54
S32D0000C1E00000000080B489B000AFF860B9607A60BB68FB61FB68BB6100237B617A697B689A420BD2BA69131DFB
S32D0000C208BB61FB69191DF96112681A607B6904337B61EFE700BF2437BD4680BC704780B485B000AF786039609E
S32D0000C2307B68FB600023BB60BA683B689A4208D2FB681A1DFA6000221A60BB680433BB60F2E700BF1437BD46FE
S32D0000C25880BC704780B586B000AF72B6234B4CF220521A80214B4DF628121A80204B4FF4E9721A801F4B7B615F
S32D0000C2807B691F4A934214D27B691A1D7A611B683B617B691A1D7A611B68FB607B691A1D7A611B68BB60BA68E9
S32D0000C2A8F9683869FFF79AFFE6E77B69134A93420ED27B691A1D7A611B68FB607B691A1D7A611B68BB60B9688B
S32D0000C2D0F868FFF7A8FFECE70B4B7B600B4A7B681A600EF079FA62B600F00CFB00F0C8F8FEE700BF0E20054046
S32D0000C2F800200540BCC10000D4C10000E4C1000008ED00E000C0000080B400AFFEE780B400AFFEE780B400AFF4
S32D0000C320FEE780B400AFFEE780B400AFFEE780B400AFFEE780B400AFFEE780B400AFFEE780B400AFFEE780B426
S32D0000C34800AFFEE7FFFFFFFFFFFFFFFFFFFFFFFFFFFFFFFFFFFFFFFFFFFFFFFFFFFFFFFFFFFFFFFFFFFFFFFF57
S32D0000C370FFFFFFFFFFFFFFFFFFFFFFFFFFFFFFFFFFFFFFFFFFFFFFFFFFFFFFFFFFFFFFFFFFFFFFFFFFFFFFFFC7
S32D0000C398FFFFFFFFFFFFFFFFFFFFFFFFFFFFFFFFFFFFFFFFFFFFFFFFFFFFFFFFFFFFFFFFFFFFFFFFFFFFFFFF9F
S32D0000C3C0FFFFFFFFFFFFFFFFFFFFFFFFFFFFFFFFFFFFFFFFFFFFFFFFFFFFFFFFFFFFFFFFFFFFFFFFFFFFFFFF77
S32D0000C3E8FFFFFFFFFFFFFFFFFFFFFFFFFFFFFFFFFFFFFFFFFFFFFFFFFFFFFFFFFFFFFFFFFFFFFFFFFEFFFFFF50
S32D0000C44010B5054C237833B9044B13B10448AFF300800123237010BDD8160020000000007029020008B5034B78
S32D0000C4681BB103490348AFF3008008BD00000000DC1600207029020080B500AF114A1921114800F007F9104895
S32D0000C49000F0CBF84FF000000E4902F0D7FB19210B4800F0D4F80C4802F0D2FC0346002B0CBF01230023DBB201
S32D0000C4B8002B00D0F3E7044800F0B3F80023184680BD00BF0000C041F41600200000F03F0817002080B584B01B
S32D0000C4E002AF786039607B68012B15D13B684FF6FF72934210D10F230093172303220021074800F01DF8074A1E
S32D0000C5080749054804F046FF1F21064802F0C0FB00BF0837BD4680BDF416002000000020D9C50000081700208F
S32D0000C53080B500AF4FF6FF710120FFF7CFFF80BD90B583B000AF7860084611461A460346FB700B46BB70134695
S32D0000C5587B707B681D4A1A60082004F023FF03461C467B681A68FB781946204600F04CFC7B685C60082004F08D
S32D0000C58015FF03461C467B681A68BB781946204600F03EFC7B689C60012004F007FF03461C467B7819462046EA
S32D0000C5A802F0D6FC7B68DC60012004F0FBFE03461C463B7E1946204602F0CAFC7B681C617B6818460C37BD46AC
S32D0000C5D090BD00BF0000104180B582B000AF78607B685B68002B03D00821184604F0DCFE7B689B68002B03D015
S32D0000C5F80821184604F0D4FE7B68DB68002B03D00121184604F0CCFE7B681B69002B03D00121184604F0C4FECB
S32D0000C6207B6818460837BD4680BD80B582B000AF78607B689B68184600F028FC7B685B68184600F023FC00BF14
S32D0000C6480837BD4680BD90B583B000AF786039607B681B69184602F03BFF7B68DB68184602F036FF7B689C682A
S32D0000C67038680CF0C5FC03461946204600F048FC7B685C6838680CF0BBFC03461946204600F03EFC00BF0C37C9
S32D0000C698BD4690BDF0B587B000AFF860B9607A60FB681B69184602F013FFFB68DB68184602F00EFF2C497868AD
S32D0000C6C00CF0F2FC03467B61FB689C68BB685B4218460CF095FC03461946204600F018FCFB685C68BB685B4232
S32D0000C6E818460CF089FC03461946204600F00CFCFB68DB68184602F0D9FE0446FB681B69184602F0D3FE0346D7
S32D0000C710234418460CF01EF84FF000024FF080430CF0ACF902460B4614461D4678690CF023F802460B46012137
S32D0000C7380E46204629460CF0E5FA0346002B01D100231E46F3B2002B00D0D1E7FB689B68184600F097FBFB6801
S32D0000C7605B68184600F092FB00BF1C37BD46F0BDC13AA64180B500AF0F4BD3F8A03003F48053002B14BF0123A4
S32D0000C7880023DBB2002B10D0094BD3F8A030084A23F48053C2F8A030064804F089FD064B1B68054A23F40053BE
S32D0000C7B0136000BF80BD00BF00C00440701A0020C0F00F4080B400AF124B4FF480725A63114B5B69104A43F49D
S32D0000C7D8005353610E4B1B680D4A43F4005313600A4B0C4A1A630C4BD3F888310A4A43F08063C2F88831084BC9
S32D0000C8009B68074A43F08063936000BFBD4680BC704700BF00C00440C0F00F4003010A0000E100E080B400AF84
S32D0000C828334B00225A70324B98221A70304B9B79DBB203F01003002B14BF01230023DBB2002B00D0F2E72A4B7A
S32D0000C8509B79DBB29B08DBB203F00303022B14BF01230023DBB2002B00D0F0E7224B18221A71214B00225A71BF
S32D0000C878204B03F580531A461F4B53641C4B54225A711B4B9B79DBB203F02003002B0CBF01230023DBB2002B21
S32D0000C8A000D0F2E7144B9B79DBB203F04003002B0CBF01230023DBB2002B00D0F2E70E4B1B78DBB20C4A03F02B
S32D0000C8C83F03DBB213700A4B9B79DBB29B08DBB203F00303032B14BF01230023DBB2002B00D0F0E700231846A9
S32D0000C8F0BD4680BC704700BF00400640007004400000130180B500AF314B03F580539B6B2F4A43F4785302F574
S32D0000C91880529363FFF752FFFFF780FF2B4B58221A602A4B1B684FF47A7202FB03F3284A1360274B1B681A46AF
S32D0000C940234B03F580535B6C1B0E03F00F030133B2FBF3F31A46214B1A601D4B03F58053DB6B1B4A43F0225308
S32D0000C96802F58052D363184B03F580531B6B164A43F0006302F580521363174B4FF480721A61642002F034F805
S32D0000C990134B5B69124A23F010035361104B00221A600F4B10225A610E4803F039FA02F00DFE02F06BFE0C48BB
S32D0000C9B802F080F80B4804F0CFFC4FF4FA6002F02BF900BF80BD00BF007004403419002030190020381900206C
S32D0000C9E000D00340E81900202C190020E01A002080B500AFFFF7A7FC00BF80BD80B500AFFFF7A1FC00BF80BD8A
S32D0000CA0880B500AFFFF79BFC00BF80BD80B500AFFFF795FC00BF80BD80B500AFFFF78FFC00BF80BD80B500AFE7
S32D0000CA30FFF789FC00BF80BD80B500AFFFF783FC00BF80BD80B500AFFFF77DFC00BF80BD80B500AFFFF777FC70
S32D0000CA5800BF80BD80B500AFFFF771FC00BF80BD80B500AFFFF76BFC00BF80BD80B500AFFFF765FC00BF80BDFD
S32D0000CA8080B500AFFFF75FFC00BF80BD80B500AFFFF759FC00BF80BD80B500AFFFF753FC00BF80BD80B500AF23
S32D0000CAA8FFF74DFC00BF80BD80B500AFFFF747FC00BF80BD80B500AFFFF741FC00BF80BD80B500AFFFF73BFCE8
S32D0000CAD000BF80BD80B500AFFFF735FC00BF80BD80B500AFFFF72FFC00BF80BD80B500AFFFF729FC00BF80BD39
S32D0000CAF880B500AFFFF723FC00BF80BD80B500AFFFF71DFC00BF80BD80B500AFFFF717FC00BF80BD80B500AF5F
S32D0000CB20FFF711FC00BF80BD80B500AFFFF70BFC00BF80BD80B500AFFFF705FC00BF80BD80B500AFFFF7FFFB60
S32D0000CB4800BF80BD80B500AFFFF7F9FB00BF80BD80B500AFFFF7F3FB00BF80BD80B500AFFFF7EDFB00BF80BD77
S32D0000CB7080B500AFFFF7E7FB00BF80BD80B500AFFFF7E1FB00BF80BD80B500AFFFF7DBFB00BF80BD80B500AF9D
S32D0000CB98FFF7D5FB00BF80BD80B500AFFFF7CFFB00BF80BD80B500AFFFF7C9FB00BF80BD80B500AFFFF7C3FBDB
S32D0000CBC000BF80BD80B500AFFFF7BDFB00BF80BD80B500AFFFF7B7FB00BF80BD80B500AFFFF7B1FB00BF80BDB3
S32D0000CBE880B500AFFFF7ABFB00BF80BD80B500AFFFF7A5FB00BF80BD80B500AFFFF79FFB00BF80BD80B500AFD9
S32D0000CC10FFF799FB00BF80BD80B500AFFFF793FB00BF80BD80B500AFFFF78DFB00BF80BD80B500AFFFF787FB52
S32D0000CC3800BF80BD80B500AFFFF781FB00BF80BD80B500AFFFF77BFB00BF80BD80B500AFFFF775FB00BF80BDEE
S32D0000CC6080B500AFFFF76FFB00BF80BD80B500AFFFF769FB00BF80BD80B500AFFFF763FB00BF80BD80B500AF14
S32D0000CC88FFF75DFB00BF80BD80B500AFFFF757FB00BF80BD80B500AFFFF751FB00BF80BD80B500AFFFF74BFBCA
S32D0000CCB000BF80BD80B500AFFFF745FB00BF80BD80B500AFFFF73FFB00BF80BD80B500AFFFF739FB00BF80BD2A
S32D0000CCD880B500AFFFF733FB00BF80BD80B500AFFFF72DFB00BF80BD80B500AFFFF727FB00BF80BD80B500AF50
S32D0000CD00FFF721FB00BF80BD80B500AFFFF71BFB00BF80BD80B500AFFFF715FB00BF80BD80B500AFFFF70FFB41
S32D0000CD2800BF80BD80B500AFFFF709FB00BF80BD80B500AFFFF703FB00BF80BD80B500AFFFF7FDFA00BF80BD66
S32D0000CD5080B500AFFFF7F7FA00BF80BD80B500AFFFF7F1FA00BF80BD80B500AFFFF7EBFA00BF80BD80B500AF8E
S32D0000CD78FFF7E5FA00BF80BD80B500AFFFF7DFFA00BF80BD80B500AFFFF7D9FA00BF80BD80B500AFFFF7D3FABD
S32D0000CDA000BF80BD80B500AFFFF7CDFA00BF80BD80B500AFFFF7C7FA00BF80BD80B500AFFFF7C1FA00BF80BDA4
S32D0000CDC880B500AFFFF7BBFA00BF80BD80B500AFFFF7B5FA00BF80BD80B500AFFFF7AFFA00BF80BD80B500AFCA
S32D0000CDF0FFF7A9FA00BF80BD80B500AFFFF7A3FA00BF80BD80B500AFFFF79DFA00BF80BD80B584B000AFF86030
S32D0000CE180B467A60FB72FB68FA7A1A71FB6800225A71174978680CF0F7FA0346002B02D0134B7B600AE04FF0CD
S32D0000CE407E5178680CF0D8FA0346002B02D04FF07E537B6078680BF08FFC09A3D3E900230BF0E2FC02460B46B3
S32D0000CE68104619460BF0BEFF0246FB681A60FB6818461037BD4680BDABAAAAAAAAAA20400000404180B582B07D
S32D0000CE9000AF78607B685B79002B09D07B6800225A717B6819791E230022034801F040FE00BF0837BD4680BDD2
S32D0000CEB82C19002080B584B000AF786039603B687F2B02DD7F23FB7308E03B6813F1800F02DA8023FB7301E036
S32D0000CEE03B68FB737B685B79FA7B9A4209D07B68FA7B5A717B681979FA7B1E23034801F017FE00BF1037BD468A
S32D0000CF0880BD00BF2C190020B0B584B000AF78603960374938680CF061FA0346002B02D0334B3B6008E03349A7
S32D0000CF3038680CF075FA0346002B01D02F4B3B6038680BF019FC04460D467B681B6818460BF012FC4FF0000213
S32D0000CF58294B0BF08FFD02460B46204629460BF05FFC02460B46104619460BF03BFF03463B604FF000013868A5
S32D0000CF800CF044FA0346002B10D038680BF0F4FB17A3D3E900230BF047FC02460B46104619460BF0DBFE034629
S32D0000CFA8FB6018E038680BF0E3FB4FF00002134B0BF036FC02460B46104619464FF000020D4B0BF057FD024645
S32D0000CFD00B46104619460BF0C1FE0346FB60F9687868FFF76BFF00BF1037BD46B0BD00BF52B81E85EB51F43FDD
S32D0000CFF80000C8C20000C842000059400000604080B483B000AF03460A46FB711346BB71BB79002B03D1134B0D
S32D0000D02000221A7002E0114B01221A703823FB710E4B1A78FB791343FB710D4B9B78DBB20B4A43F01003DBB243
S32D0000D0489370094B9B78DBB2074A43F02003DBB29370054AFB79137100BF0C37BD4680BC704700BF091700204E
S32D0000D0700060064080B483B000AF01237B607B68312B04DC00BF7B6801337B60F7E700BF0C37BD4680BC704731
S32D0000D09880B582B000AF03460A46FB711346BB71134B1B7800211846FFF7AAFF00F024F8104AFB79137100F06D
S32D0000D0C01FF80E4ABB79137100F01AF80B4B9B78DBB20A4A23F02003DBB29370074B9B78DBB2064A23F01003A1
S32D0000D0E8DBB29370FFF7C2FF00BF0837BD4680BD0A1700200060064080B483B000AF174B1B78002B24D1002360
S32D0000D1107B60154BDB78DBB203F00203002B0CBF01230023DBB2002B0DD07B6842F21072934203DD0B4B012245
S32D0000D1381A7004E07B6801337B6000BFE5E7084BDB78DBB2064A43F00203DBB2D37000E000BF0C37BD4680BC32
S32D0000D160704700BF0B1700200060064080B582B000AF0346FB71FB79184600F03BF800BF0837BD4680BD80B510
S32D0000D18882B000AF03460A46FB711346BB7100F011F8FB795B00DBB21846FFF7E3FFBB791846FFF7DFFF00F02D
S32D0000D1B013F800BF0837BD4680BD000080B400AF044B9B68034A43F48013936000BFBD4680BC704740F00F4095
S32D0000D1D880B400AF044B5B68034A43F48013536000BFBD4680BC704740F00F4080B485B000AF0346FB71002346
S32D0000D200BB73164BDB6A03F00043012B0CBF01230023DBB2002B03D0FB7B0133FB73F0E70E4BDB6A0D4A43F016
S32D0000D2280043D3620B4AFB7953630A4BDB6A03F40033002B0CBF01230023DBB2002B00D0F3E7044B9B6BBB73FB
S32D0000D250BB7B18461437BD4680BC704700C00A4080B582B000AF204B03F580531B6B1E4A43F4805302F58052C4
S32D0000D27813631C4B4FF480721A651B4B5B691A4A43F480135361FFF7A3FF164B4FF400725A65144B4FF400726A
S32D0000D2A09A65124B4FF40072DA65124B124A1A60104B124ADA6000237B607B68092B06DCFF20FFF753FF7B68AB
S32D0000D2C801337B60F5E704A1D1E9000101F0BAFC00BF0837BD4680BD9A9999999999B93F0070044000A00440E1
S32D0000D2F040F00F4000C00A40000C00800500003E90B486B000AFF860B9607A60FB68534A93420AD1524B03F5FF
S32D0000D31880535B6B504A43F4806302F58052536345E0FB684D4A93420AD14B4B03F580535B6B494A43F40063F8
S32D0000D34002F58052536336E0FB68474A93420AD1434B03F580535B6B414A43F4805302F58052536327E0FB68E9
S32D0000D368404A93420AD13C4B03F580535B6B3A4A43F4005302F58052536318E0FB683A4A93420AD1344B03F5B2
S32D0000D39080539B6A324A43F4806302F58052936209E02F4B03F580539B6A2D4A43F4006302F580529362FB68DE
S32D0000D3B8DB78DBB223F00C03DAB2FB68DA70FB6800229A70BB684FF47A7203FB02F27B681B0192FBF3F39CB279
S32D0000D3E0FB681B78DBB223F01F03FB75230A9BB2DBB203F01F03DAB2FB7D1343DAB2FB681A70E2B2FB685A7047
S32D0000D408BB684FF4FA4203FB02F27B681B0192FBF3F39AB263019BB2D31A9CB2FB689B7ADBB223F01F03FB750E
S32D0000D430E3B203F01F03DAB2FB7D1343DAB2FB689A72FB68DB78DBB243F00C03DAB2FB68DA7000BF1837BD4600
S32D0000D45890BC704700A006400070044000B0064000C0064000D0064000A00E4080B483B000AF78607B681B79A4
S32D0000D480DBB203F02003002B0CBF01230023DBB2002B00D0F2E77B68DB79DBB218460C37BD4680BC704780B4AE
S32D0000D4A883B000AF78600B46FB707B681B79DBB25BB2DB43DBB2DB09DBB2002B00D0F4E77B68FA78DA7100BF7E
S32D0000D4D00C37BD4680BC704780B487B000AFF860B9607A60FB687B617B685A1E7A60002B14BF01230023DBB24A
S32D0000D4F8002B06D07B695A1C7A61BA68D2B21A70EEE700BF1C37BD4680BC704780B584B000AF786039607B6857
S32D0000D5201B6BFB60FA683B689A4252D07B681B79002B35D07B6858787B6803F134010123FA6801F0F7F80346E4
S32D0000D548002B14BF01230023DBB2002B01D001233CE07B6800221A717B685A6A7B681B6A1344FA689A4217D28A
S32D0000D5707B68DB78FB72FB7A012B11D97B681B6AFA681344FB607B6858787B6803F134010123FA6801F0CEF8E7
S32D0000D598FB7A013BFB72EAE73B68002B15D07B6858787B6803F1340101233A6800F0DAFF0346002B14BF01230A
S32D0000D5C00023DBB2002B01D0012303E07B683A681A63002318461037BD4680BD80B584B000AF7860002178688F
S32D0000D5E8FFF794FF0346FB73FB7B002B40F093807B681B78032B7DD17B685B79002B79D07B6800221A637B686F
S32D0000D61034334FF4007200211846FFF75DFF7B68552283F832227B68AA2283F833227B68522283F834207B684E
S32D0000D638522283F835207B68612283F836207B68412283F837207B68722283F818227B68722283F819227B68F5
S32D0000D660412283F81A227B68612283F81B227B681B69DAB27B6883F81C227B681B699BB21B0A9BB2DAB27B6840
S32D0000D68883F81D227B681B691B0CDAB27B6883F81E227B681B691B0EDAB27B6883F81F227B68DB68DAB27B68B2
S32D0000D6B083F820227B68DB689BB21B0A9BB2DAB27B6883F821227B68DB681B0CDAB27B6883F822227B68DB68DC
S32D0000D6D81B0EDAB27B6883F823227B6858787B6803F134017B685A69012301F01FF87B6800225A717B685B78B5
S32D0000D70000220021184601F0E1F80346002B14BF01230023DBB2002B01D00123FB73FB7B18461037BD4680BD8C
S32D0000D72880B582B000AF78600B467B807B68002B08D07B681B78002B04D07B68DB887A889A4201D0092311E02C
S32D0000D7507B685B78184601F03BF9034603F00103002B14BF01230023DBB2002B01D0032300E00023184608379E
S32D0000D778BD4680BD80B586B000AF78607B681A687B689B8819461046FFF7CAFF0346FB75FB7D002B40F0AC80BA
S32D0000D7A07B689B7903F02003002B00F0A5807B689B7903F04003002B1BD07B681B6858787B6803F128017B68B2
S32D0000D7C89A69012300F0B2FF0346002B14BF01230023DBB2002B01D001238AE07B689B7923F04003DAB27B680A
S32D0000D7F09A717B681A687B68DB6919461046FFF789FE0346FB75FB7D002B75D17B681B6A3B613B690B331A7828
S32D0000D8183B690B3342F02002D2B21A707B68DA683B691C33D2B21A707B68DB689BB21B0A9AB23B691D33D2B21C
S32D0000D8401A707B68DB681A0C3B691E33D2B21A707B68DB681A0E3B691F33D2B21A707B681A693B691A33D2B2B4
S32D0000D8681A707B681B699BB21B0A9AB23B691B33D2B21A707B681B691A0C3B691433D2B21A707B681B691B0CCF
S32D0000D8909BB21B0A9AB23B691533D2B21A700023FB603B691633FA68D2B21A70FB689BB21B0A9AB23B691733C8
S32D0000D8B8D2B21A70FB681A0C3B691833D2B21A70FB681A0E3B691933D2B21A707B689B7923F02003DAB27B6889
S32D0000D8E09A717B681B6801221A717B681B681846FFF774FE0346FB75FB7D18461837BD4680BD80B584B000AF99
S32D0000D90878607868FFF736FF0346FB73FB7B002B02D17B6800221A60FB7B18461037BD4680BD000080B588B09C
S32D0000D93000AF7860396080233B610F23FB604FF0FF337B610223FB61FB69B3F5807F23D80123BB61BB69102B6A
S32D0000D9581AD8FB69BA6902FB03F33A6803FB02F27B68D31ABB60BB68002B09DBBB687A699A4205D9BB687B61C5
S32D0000D980FB693B61BB69FB60BB690133BB61E1E7FB695B00FB61D7E71D4BDB6A1C4A23F00803D3621A4BDB6AD5
S32D0000D9A823F47F2323F47F63BB613B695B081B029AB2FB68013B1B01DBB21A43BB691343114A43F46023D362AA
S32D0000D9D00F4B5B6A03F00803002B0CBF01230023DBB2002B03D00A2001F01AF9F0E7084BDB6A074A43F0080318
S32D0000D9F8D362054B1B6B044A43F48013136300BF2037BD4680BD00BF00100B4080B582B000AF786039607B688E
S32D0000DA2000221A60414B424ADA62404BDB6A03F08073002B14BF01230023DBB2002B00D0F3E73A4B0022C3F829
S32D0000DA48C020384B4FF481325A60364B28229A62344B4FF001125A643B689B6833491846FFF760FF2F4B5B6A33
S32D0000DA7003F00303002B14BF01230023DBB2002B00D0F3E72C4B40F243421A602A4B40F243425A60284B4FF4A4
S32D0000DA9888629A60264B40F24342DA60244B40F243421A61224B40F243425A61214B03F580531B6B1F4A43F43D
S32D0000DAC0003302F580521363184B4FF6FF721A63164B1B4A5A63154BDB6A144A43F00063D362124BDB6A03F04A
S32D0000DAE80063002B14BF01230023DBB2002B00D0F3E70C4B5B6A03F48033002B14BF01230023DBB2002B02D071
S32D0000DB107B6801221A60054B1B6B044A43F080031363002318460837BD4680BD00100B400080000160CC05000A
S32D0000DB3800D0044000700440B3007F0080B400AF064B5A6A40F207331340002B14BF01230023DBB21846BD46DB
S32D0000DB6080BC704700100B4080B485B000AF7860074B1B6B7A681340FB60FB68002B00D1F6E7FB6818461437A9
S32D0000DB88BD4680BC704700BF00100B4080B584B000AF78607B681B7803F03F03764A52F82330FB60FB68002B7E
S32D0000DBB005D17B681B78002B01D00123DCE0714B1B6B704A43F0800313636E4B5B6A03F00103002B14BF012360
S32D0000DBD80023DBB2002B00D0F3E7684A7B685B689360FB6823F44003FB607B685B789B0503F44003FA681343EF
S32D0000DC00FB607B685B78022B03D1FB6843F40013FB607B685B78042B16D1FB6803F44033B3F5003F08D1FB6820
S32D0000DC2823F44033FB60FB6843F44033FB6007E0FB6823F44033FB60FB6843F40033FB604E4B5B684D4A9BB2EA
S32D0000DC5053607B68DB68002B2AD0FB6803F44033B3F5403F03D0FB6843F40013FB607B681B7A002B03D0FB6800
S32D0000DC7843F01003FB607B68DB68012B03D9FB6843F02003FB607B68DB68B3F1FF3F0BD03A4B5A687B68DB684B
S32D0000DCA01B04384913434B60FB6843F00203FB60344B00221A60334AFB68D3603248FFF753FF0346012B14BF87
S32D0000DCC801230023DBB2002B09D02C4B1B6B2B4A43F4702343F001031363012348E0274B1B6B03F08003002B88
S32D0000DCF014BF01230023DBB2002B07D0214B1B6B204A43F001131363012335E01D4B1B6B03F48033002B14BF75
S32D0000DD1801230023DBB2002B08D0184B1B6B174A43F0011313634FF0FF3321E0FB6803F44033002B15D0114B54
S32D0000DD401A697B681A61FB6803F44033B3F5803F0BD10C4B5A697B685A610A4B9A697B689A61084BDA697B685D
S32D0000DD68DA61064B1B6B054A43F001031363002318461037BD4680BDD40E020000100B4001000E0080B592B0B2
S32D0000DD9000AF7860396000237B643B68BB63994B7B637B6B002B02D140F601235FE3964B3B633B6B002B02D11D
S32D0000DDB840F60B2357E33B6B1B68FB62FB6A002B02D140F60B234EE37B6841F20932934200F23F837B68B3F5BC
S32D0000DDE0985F08D87B68032B00F01A837B68092B00F0098331E37B68A3F59853013B082B00F22B8301A252F897
S32D0000DE0823F000BF31DE00001DE1000079E3000033E1000071E1000097E20000DFE2000021E200003BE20000F1
S32D0000DE307649786BFFF7EEFD78647B6C002B40F01083002387F84330002387F82B30002387F82A30002387F8E0
S32D0000DE582930002387F84230002387F8283000233B7200237B720023FB6000233B7400237B6107F108031846A5
S32D0000DE80FFF788FE0346002B14BF01230023DBB2002B02D001237B64E8E240F24C4000F0BFFE08233B720023AD
S32D0000DEA87B724FF4D573FB6000233B7400237B6107F108031846FFF769FEF863FB6B002B09D1BA69FB689A42C2
S32D0000DED002D001237B64C9E2012387F84230012387F8283097F82830002B00F0A58037233B7200237B72002333
S32D0000DEF8FB6000233B7400237B6107F108031846FFF744FEF863FB6B002B02D001237B64A8E269233B72002390
S32D0000DF207B720023FB6000233B7400237B6107F108031846FFF72EFE0346002B14BF01230023DBB2002B02D0FC
S32D0000DF4801237B648EE2BB6903F44013002B6FD00023FB630A2000F05FFEFB6B0133FB6337233B7200237B7259
S32D0000DF700023FB6000233B7400237B6107F108031846FFF707FE0346002B14BF01230023DBB2002B02D001239C
S32D0000DF987B6428E069233B7200237B7297F84230002B02D0184BFB6002E04FF44013FB6000233B7400237B61CB
S32D0000DFC007F108031846FFF7E5FD0346002B14BF01230023DBB2002B02D001237B6406E0BB69002B03DBFB6B66
S32D0000DFE8632B00D8B6E77B6C002B40F03882FB6B632B0BD9002387F8423019E02017002024190020C80E02009B
S32D0000E01000003040012387F8433097F84230002B0AD0002387F84230BB6903F08043002B02D0012387F8423056
S32D0000E03897F82A30002B02D07B6B07221A6097F82930002B02D07B6B08221A6097F82B30002B02D07B6B0422E9
S32D0000E0601A6097F84330002B09D07B6B02221A6097F84230002B02D07B6B03221A6097F82B30002B0DD097F88A
S32D0000E0884330002B09D07B6B05221A6097F84230002B02D07B6B06221A60924B00221A60904B00225A608F4BDC
S32D0000E0B000229A608D4B0022DA608C4B00221A618A4B00225A61FB6A9A68FB6A5B6819461046FFF72BFC854B9B
S32D0000E0D840F243421A60834B40F243425A60814B4FF488629A607F4B40F24342DA607D4B40F243421A617B4B3C
S32D0000E10040F243425A617A4B03F580531B6B784A43F4003302F580521363A7E1B86BFFF739FDF863FB6B002B3B
S32D0000E12800F09F8102237B649BE1BB6B002B02D10C237B6496E16D4BDB6A1B0A5B0003F4FF73FB63694BDB6A53
S32D0000E1501B0903F00F035A1CFB6B02FB03F3FB63FB6A9A68FB6BB2FBF3F2BB6B1A607DE1BB6B002B02D10C239B
S32D0000E1787B6477E1BB6B1B68002B02D10C237B6470E1FFF7DBFC0346002B0CBF01230023DBB2002B3CD0534B87
S32D0000E1A000221A60514B00225A60504B00229A604E4B0022DA604D4B00221A614B4B00225A61FB6A9A68BB6B5C
S32D0000E1C81B6819461046FFF7ADFB464B40F243421A60444B40F243425A60424B4FF488629A60404B40F243429B
S32D0000E1F0DA603E4B40F243421A613C4B40F243425A613B4B03F580531B6B394A43F4003302F58052136329E106
S32D0000E21840F60A237B6425E1BB6B002B02D10C237B641FE1314B5B68C3F30C02BB6B1A6018E1BB6B002B02D19E
S32D0000E2400C237B6412E1FFF77DFC0346002B0CBF01230023DBB2002B19D0BB6B1B68B3F5805F02D30C237B6406
S32D0000E26800E1224B5B68214A23F4FF5323F01F0353601E4B5A68BB6B1B68C3F30C031B4913434B60EEE040F6B9
S32D0000E2900A237B64EAE0BB6B002B02D10C237B64E4E0144B9B6A5B0803F00303FB63FB6B002B03D1BB6B0022C9
S32D0000E2B81A60D7E0FB6B012B03D1BB6B01221A60D0E0FB6B102B03D1BB6B02221A60C9E005237B64C6E0BB6B79
S32D0000E2E0002B09D10C237B64C0E000BF00D004400070044000100B40FFF724FC0346002B0CBF01230023DBB252
S32D0000E308002B31D0BB6B1B68002B0AD1584B9B6A574A23F006039362554B554A9B6A9362A0E0BB6B1B68012B24
S32D0000E3300CD1514B9B6A504A23F0060393624E4B9B6A4D4A43F0020393628FE0BB6B1B68022B0AD1484B9B6A7C
S32D0000E358474A23F006039362454B454A9B6A936280E005237B647DE040F60A237B6479E0BB6B002B02D10C232A
S32D0000E3807B6473E03C4BDB6A3B4A43F00063D362394BDB6A03F00063002B14BF01230023DBB2002B00D0F3E75B
S32D0000E3A8334B1B6B03F08003002B14BF01230023DBB2002B08D02E4B1B6B2D4A43F0800313637B6B00221A60D4
S32D0000E3D0294B5B6A03F48033002B14BF01230023DBB2002B07D07B6B1B68002B06D17B6B01221A6002E07B6BB2
S32D0000E3F800221A607B6B1A68BB6B1A6032E0BB6B1C221A60BB6B043304221A60BB6B08334FF41E721A6025E0B3
S32D0000E4200220FFF7A1FB144B1B6B03F4E003002B14BF01230023DBB2002B07D00E4B1B6B0D4A43F4E0031363C1
S32D0000E44804237B640A4B1B6B094A43F03203136308E040F609237B6404E000BF02E000BF00E000BF7B6C184643
S32D0000E4704837BD4680BD00BF00100B4080B489B000AF786039607B687B61364B3B613B69002B01D100235FE039
S32D0000E4983B691B68022B0BD03B691B68032B07D03B691B68072B03D03B691B68082B0BD12B4B5B6A03F0040364
S32D0000E4C0002B14BF01230023DBB2002B00D0F3E73B68FB61FB69002B3DD0FB69B3F5007F28BF4FF40073FB6069
S32D0000E4E8FB6803339B08BB61BB69002B2AD01C4B1B6B03F4E003002B14BF01230023DBB2002B09D0164B1B6BE1
S32D0000E510154A43F4E00343F02003136300231BE0114B5B6A03F40063002B0CBF01230023DBB2002B00D0F3E760
S32D0000E5380B497B691A1D7A610A6A1A60BB69013BBB61D1E7FA69FB68D31AFB61BEE7012318462437BD4680BC79
S32D0000E560704700BF2017002000100B4080B58EB000AFB9607A601A460346FB731346BB73414B7B63FB7B002BA7
S32D0000E58802D1BB7B002B01D1042375E03D4B1B78DBB203F00103002B14BF01230023DBB2002B01D0032367E009
S32D0000E5B0BB68002B01D1002362E07B6B1B7B002B02D17B685B027B60BB7B012B28D111233B7500237B757B68EE
S32D0000E5D8BB6101233B77BB7B3B6207F11403194641F20230FFF7CEFB0346002B0CBF01230023DBB2002B38D078
S32D0000E6004FF40071B868FFF739FF0346002B14BF01230023DBB2002B2BD00023BB7328E012233B7500237B7558
S32D0000E6287B68BB6101233B77BB7B3B6207F11403194641F20230FFF7A5FB0346002B0CBF01230023DBB2002B75
S32D0000E6500FD0BB7B5B021946B868FFF70FFF0346002B14BF01230023DBB2002B01D00023BB73BB7B002B01D00D
S32D0000E678012300E0002300BF18463837BD4680BD0C1700200400002080B487B000AF786039607B68FB603B68AE
S32D0000E6A07B617B69002B3DD07B69B3F5007F28BF4FF400733B617A693B69D31A7B613B6903339B083B613B6903
S32D0000E6C8002BEAD0184B1B6B03F4E003002B14BF01230023DBB2002B0AD0134B1B6B124A43F4E00343F0100305
S32D0000E6F013634FF0FF3316E00D4B5B6A03F48063002B0CBF01230023DBB2002B00D0F3E7FB681A1DFA60064A45
S32D0000E7181B6813623B69013B3B61D0E7012318461C37BD4680BC704700100B4080B58EB000AFB9607A601A460D
S32D0000E7400346FB731346BB735D4B7B63FB7B002B02D1BB7B002B01D10423ADE0594B1B78DBB203F00103002BA6
S32D0000E76814BF01230023DBB2002B01D003239FE0524B1B78DBB203F00403002B14BF01230023DBB2002B01D0B6
S32D0000E790022391E0BB68002B01D100238CE07B6B1B7B002B02D17B685B027B60BB7B012B28D118233B75002318
S32D0000E7B87B757B68BB6100233B77BB7B3B6207F11403194641F20230FFF7DCFA0346002B0CBF01230023DBB2EA
S32D0000E7E0002B38D04FF40071B868FFF751FF0346002B14BF01230023DBB2002B2BD00023BB7328E019233B7538
S32D0000E80800237B757B68BB6100233B77BB7B3B6207F11403194641F20230FFF7B3FA0346002B0CBF012300232C
S32D0000E830DBB2002B0FD0BB7B5B021946B868FFF727FF0346002B14BF01230023DBB2002B01D00023BB730D235D
S32D0000E8583B7500237B757B6B1B69BB6100233B7700233B6207F11403194641F20230FFF789FA0346002B14BF21
S32D0000E88001230023DBB2002B01D0012314E07A6A0D4B1340002B01D001230DE07B6A03F4F853B3F5106F00D0C8
S32D0000E8A8D5E7BB7B002B01D0012300E0002300BF18463837BD4680BD0C170020040000200880D9FF80B58CB029
S32D0000E8D000AF03463A60FB710B46BB713A4BBB62FB79002B01D0042369E0012387F82F30364B1B78DBB203F087
S32D0000E8F80103002B14BF01230023DBB2002B01D0032358E0BB79032B50D801A252F823F029E9000031E900000C
S32D0000E92041E9000051E90000002387F82F3044E0BB6A9A683B681A60002387F82F303CE03B684FF400721A80ED
S32D0000E948002387F82F3034E009233B7200237B72BB6A1B69FB6000233B7400237B6107F10803194641F2023007
S32D0000E970FFF70CFA0346002B14BF01230023DBB2002B01D001231AE07B6A03F44003002B0CD13B6A9B0C03F0E2
S32D0000E9987F035A1C7B6A1B0A03F00303013B9A403B681A60002387F82F3002E0042387F82F3097F82F301846EF
S32D0000E9C03037BD4680BD00BF0C1700200400002080B483B000AF0346FB71FB79002B01D0012302E0034B1B783A
S32D0000E9E8DBB218460C37BD4680BC70470400002080B483B000AF7860164B03F580539B6B144A43F0010302F50D
S32D0000EA1080529363124A7B689360114B05225A600F4B1B680E4A43F0010313600C4B1B6803F08003002B0CBF7C
S32D0000EA3801230023DBB2002B00D0F3E7064B1B68054A23F00103136000BF0C37BD4680BC704700BF00700440EF
S32D0000EA600000044080B582B000AF786039607B68012B07D13B684FF6FF72934202D1034800F00EF800BF083796
S32D0000EA88BD4680BD2C19002080B500AF4FF6FF710120FFF7E3FF80BD80B483B000AF78607B6800221A707B688C
S32D0000EAB018460C37BD4680BC7047000080B582B000AF78607B681B7883F00103DBB2002B21D0134B03F58053F4
S32D0000EAD81A464FF400639362104B4FF440721A620E4B4FF440725A620D4B1B68DA0F13445B104FF46142194674
S32D0000EB000A48FEF7FDFB642000F08AF87B6801221A70012300E0002318460837BD4680BD0070044000D0044056
S32D0000EB283019002000B00E4080B582B000AF7860084611461A460346FB700B46BB7013467B707F210E48FEF706
S32D0000EB50AAFC08210C48FEF7A6FCFB7819460A48FEF7A1FCBB7819460748FEF79CFC7B7819460548FEF797FC92
S32D0000EB78FF210348FEF793FC00BF0837BD4680BD00B00E4080B487B000AFF860B9607A60FB681F4AA2FB032350
S32D0000EBA09B09BA6813447B61FB681B4AA2FB031292094FF47A7101FB02F29B1AFB60FB68DB03154AA2FB0323A8
S32D0000EBC89B097A6813443B613B69DB0B7A6913447B613B69C3F30E033B610E4B1B687A699A4209D80B4B1B68AA
S32D0000EBF07A699A4206D1094B5B683A699A4201D9012300E00023002B00D0EAE700BF1C37BD4680BC704700BF37
S32D0000EC18D34D621000D0034080B584B000AF7860074B1B68FB60064B5B68BB607B68BA68F9681846FFF7A6FF7B
S32D0000EC4000BF1037BD4680BD00D0034080B584B000AFC7E900010E4B1B68FB600C4B5B68BB604FF000020B4B81
S32D0000EC68D7E9000109F0DCFD02460B46104619460AF098F80346BA68F9681846FFF782FF00BF1037BD4680BD2C
S32D0000EC9000D0034000408F4080B582B000AF78600B46FB70FB781946786800F005F87B6818460837BD4680BD2B
S32D0000ECB880B483B000AF78600B46FB707B68FA781A707B681B781A46534B9B5C042B00F29E8001A252F823F0FB
S32D0000ECE0F5EC00002FED000069ED0000A3ED0000DDED00004B4A7B681B7819464A4B53F8213040F2031142F83E
S32D0000ED082310484B5A697B681B781946444B53F8213003F01F03012101FA03F3DB43414913404B6173E0404AA8
S32D0000ED307B681B7819463C4B53F8213040F2031142F823103B4B5A697B681B781946364B53F8213003F01F03BA
S32D0000ED58012101FA03F3DB43344913404B6156E0334A7B681B7819462D4B53F8213040F2031142F823102F4B17
S32D0000ED805A697B681B781946274B53F8213003F01F03012101FA03F3DB43284913404B6139E0274A7B681B7809
S32D0000EDA819461F4B53F8213040F2031142F82310224B5A697B681B781946194B53F8213003F01F03012101FAEE
S32D0000EDD003F3DB431B4913404B611CE01A4A7B681B781946104B53F8213040F2031142F82310164B5A697B68B8
S32D0000EDF81B7819460A4B53F8213003F01F03012101FA03F3DB430F4913404B6100BF00BF0C37BD4680BC7047B6
S32D0000EE20D40F0200009004401810020000F00F4000A0044040F00F4000B0044080F00F4000C00440C0F00F4089
S32D0000EE4800D0044000F10F4080B485B000AF78600023FB607B681B781A46364B9B5C042B5CD801A252F823F029
S32D0000EE7085EE0000A5EE0000C5EE0000E5EE000005EF00002E4B1B697A68127811462D4A52F8212002F01F021F
S32D0000EE98012101FA02F21340FB603FE0284B1B697A6812781146254A52F8212002F01F02012101FA02F2134043
S32D0000EEC0FB602FE0214B1B697A68127811461D4A52F8212002F01F02012101FA02F21340FB601FE01A4B1B695B
S32D0000EEE87A6812781146154A52F8212002F01F02012101FA02F21340FB600FE0134B1B697A68127811460D4A92
S32D0000EF1052F8212002F01F02012101FA02F21340FB6000BFFB68002B14BF01230023DBB218461437BD4680BC9A
S32D0000EF38704700BFD40F020000F00F401810020040F00F4080F00F40C0F00F4000F10F4080B584B000AF78607A
S32D0000EF600B46FB700B23FB73FA7BFB781946786800F094F87B6818461037BD4680BD000080B485B000AF7860D0
S32D0000EF887B68103B002B00DA1F335B11FB60FB68022B53D0FB68022B75DCFB68002B03D0FB68012B25D06EE048
S32D0000EFB0394BD3F880217B68103B594203F01F0301F01F0158BF4B42012101FA03F332491343C1F88031304BE7
S32D0000EFD81A687B68103B594203F01F0301F01F0158BF4B42012101FA03F3294913430B6049E0274BD3F88421A5
S32D0000F0007B68103B594203F01F0301F01F0158BF4B42012101FA03F31F491343C1F884311D4B5A687B68103BB8
S32D0000F028594203F01F0301F01F0158BF4B42012101FA03F3164913434B6024E0144BD3F888217B68103B594242
S32D0000F05003F01F0301F01F0158BF4B42012101FA03F30D491343C1F888310B4B9A687B68103B594203F01F0361
S32D0000F07801F01F0158BF4B42012101FA03F3044913438B6000BF00BF1437BD4680BC704700E100E080B584B02B
S32D0000F0A000AF78600B46FB701346BB707B68FA781A70BB78FB737B681B781A46574B9B5C042B00F2A68001A2A2
S32D0000F0C852F823F0E1F000002DF1000079F1000011F20000C5F10000FB7B1B0403F470234D497A681278104634
S32D0000F0F04C4A52F8202043F4897343F0010341F82230494B5A697B681B781946454B53F8213003F01F0301214E
S32D0000F11801FA03F3DB43424913404B616720FFF72BFF72E0FB7B1B0403F470233D497A6812781046394A52F803
S32D0000F140202043F4897343F0010341F82230384B5A697B681B781946324B53F8213003F01F03012101FA03F310
S32D0000F168DB43314913404B616820FFF705FF4CE0FB7B1B0403F470232C497A6812781046264A52F8202043F4AD
S32D0000F190897343F0010341F82230274B5A697B681B7819461F4B53F8213003F01F03012101FA03F3DB432049D4
S32D0000F1B813404B616920FFF7DFFE26E0FB7B1B0403F470231B497A6812781046134A52F8202043F4897343F036
S32D0000F1E0010341F82230164B5A697B681B7819460C4B53F8213003F01F03012101FA03F3DB430F4913404B61E9
S32D0000F2086B20FFF7B9FE00E000BF00BF1037BD4680BD00BFD40F0200009004401810020000F00F4000A00440F6
S32D0000F23040F00F4000B0044080F00F4000D0044000F10F40B0B48BB000AF224B3C1D1D460FCD0FC495E80F0078
S32D0000F25884E80F0000237B627B6A072B30DC1C4BD3F8A0207B6A9B0028333B4453F8243C012101FA03F313408D
S32D0000F280002B14BF01230023DBB2002B18D0134A7B6A52F823305A1C10497B6A41F823200D4BD3F8A0207B6AA4
S32D0000F2A89B0028333B4453F8243C012101FA03F307491340C1F8A0307B6A01337B62CBE700BF2C37BD46B0BCA0
S32D0000F2D0704700BF1C11020000A004405C190020B0B489B000AF224B3C1D1D460FCD0FC495E8030084E80300DF
S32D0000F2F80023FB61FB69052B30DC1C4BD3F8A020FB699B0020333B4453F81C3C012101FA03F31340002B14BFFF
S32D0000F32001230023DBB2002B18D0FB690833124A52F823200132104941F823200D4BD3F8A020FB699B00203313
S32D0000F3483B4453F81C3C012101FA03F307491340C1F8A030FB690133FB61CBE700BF2437BD46B0BC704700BF91
S32D0000F3703C11020000B004405C190020B0B48DB000AF234B3C461D460FCD0FC40FCD0FC495E8070084E807009F
S32D0000F3980023FB62FB6A0A2B30DC1C4BD3F8A020FB6A9B0030333B4453F8303C012101FA03F31340002B14BF32
S32D0000F3C001230023DBB2002B18D0FB6A0E33124A52F823200132104941F823200D4BD3F8A020FB6A9B0030335B
S32D0000F3E83B4453F8303C012101FA03F307491340C1F8A030FB6A0133FB62CBE700BF3437BD46B0BC704700BFCB
S32D0000F41054110200009004405C190020B0B487B000AF214B3C461D460FCD0FC42B68236000237B617B69042B8C
S32D0000F43830DC1C4BD3F8A0207B699B0018333B4453F8183C012101FA03F31340002B14BF01230023DBB2002B5D
S32D0000F46018D07B691933124A52F823200132104941F823200D4BD3F8A0207B699B0018333B4453F8183C012188
S32D0000F48801FA03F307491340C1F8A0307B6901337B61CBE700BF1C37BD46B0BC704700BF8011020000D00440F5
S32D0000F4B05C19002080B483B000AF78607B681B781A46044B53F8223018460C37BD4680BC704700BF5C190020FE
S32D0000F4D880B483B000AF78607B681B781946044B002243F8212000BF0C37BD4680BC70475C19002080B483B062
S32D0000F50000AF78600B46FB707B68FA781A707B6818460C37BD4680BC7047000080B586B000AF78607B681B78D9
S32D0000F5281A46234B53F822303B617B681B781A46204B9B5CFB733B69DBB203F01F03DAB21D4B1A723B69DBB211
S32D0000F55003F01F03DAB21A4B5A72FB7B002B13D11749184800F0CEF9164B1B6803F08003802B14BF01230023A0
S32D0000F578DBB2002B00D0F3E7104B1B697B6112E00D490F4800F0BAF90D4B1B6803F08003802B14BF01230023F0
S32D0000F5A0DBB2002B00D0F3E7074B1B697B617B6918461837BD4680BD98100200F40F02004C19002000B0034031
S32D0000F5C800B00B4098B500AF204B5C221A701F4B10225A701D4B41F234225A801B4B45F278629A80194B102253
S32D0000F5F09A71184B0722DA71164B4FF4C022DA60144B1F221A72134B1F225A721149124800F078F90F491148EE
S32D0000F61800F074F90F4800F0D2F80D4800F0CFF80A490C4800F06AF90849094800F066F9094A064B14460FCB87
S32D0000F64084E80F00064B5C221A70054B0422DA7100BF98BD3C19002000B0034000B00B404C19002080B500AF27
S32D0000F668064B1B680133054A136000F03DF8044B0122C3F80C2100BF80BD00BFE01900200070034080B500AFC0
S32D0000F6900C4B01221A600C4800F01AF8094B0322C3F80821094BD3F88831084A43F01003C2F88831054B9B686F
S32D0000F6B8044A43F01003936000BF80BD00700340A086010000E100E080B483B000AF7860044A7B68C2F80031FC
S32D0000F6E000BF0C37BD4680BC704700BF0070034080B584B000AF174B1B68FB60FB68002B24D0FB685B78FB7116
S32D0000F708FB689B68184600F023F80346BB71BB79002B13D0FB685B68012B0FDDFB689B681B69BB60BB68002BBC
S32D0000F73008D0BB685B685A1CBB685A60BB681B69BB60F3E7FB68DB68FB60D7E700BF1037BD4680BDDC190020E4
S32D0000F75880B584B000AF78607868FFF7DBFEF8607B689B695B78FB72FB7A002B0FD17B68DB68FA689A420ADD9A
S32D0000F7807B689B6901225A707B685B685A1C7B685A60012313E0FB7A012B0FD17B689B68FA689A420ADA7B684B
S32D0000F7A89B6900225A707B685B685A1C7B685A60012300E0002318461037BD4680BD80B485B000AF78607B68AB
S32D0000F7D01B6A23F040027B681A627B685B6A23F00B027B685A627B685B6A43F007027B685A627B685B6A43F00D
S32D0000F7F880027B685A627B681B6803F08003002B0CBF01230023DBB2002B00D0F3E77B685B6A03F04003402BFE
S32D0000F8200CBF01230023DBB2002B01D0012364E00023FB817B68DB6CFB817B689B6C9AB2FB891344FB817B6802
S32D0000F8485B6C9AB2FB891344FB817B681B6C9AB2FB891344FB817B68DB6B9AB2FB891344FB817B689B6B9AB21A
S32D0000F870FB891344FB81FB895B08FB81FB896FEA43436FEA5343FB81FA897B68DA620023FB817B68DB6EFB81F9
S32D0000F8987B689B6E9AB2FB891344FB817B685B6E9AB2FB891344FB817B681B6E9AB2FB891344FB817B68DB6D2A
S32D0000F8C09AB2FB891344FB817B689B6D9AB2FB891344FB81FB895B08FB81FB896FEA43436FEA5343FB81FA8935
S32D0000F8E87B681A637B685B6A23F080027B685A62002318461437BD4680BC704780B483B000AF786039603B68CA
S32D0000F9101B781A467B689A603B685B781A467B68DA603B685B881A467B689A613B689B881A467B68DA613B685B
S32D0000F9389B791A467B681A623B68DB791A467B685A623B68DA687B681A653B681B7A1A467B681A603B685B7A24
S32D0000F9601A467B685A6000BF0C37BD4680BC704780B483B000AF78607B6818460C37BD4680BC704780B582B0B5
S32D0000F98800AF786039607B68012B07D13B684FF6FF72934202D10348FFF7E6FF00BF0837BD4680BDE4190020C8
S32D0000F9B080B500AF4FF6FF710120FFF7E3FF80BD80B582B000AF7860B84B4FF48072DA60B74B4FF480729A64C5
S32D0000F9D8B54B4FF480721A64B34B4FF480725A64B14B4FF48072DA60B04B5B69AF4A43F008035361AE4B5B698B
S32D0000FA00AD4A43F480235361AB4B5B69AA4A43F480335361A84B5B69A74A43F400335361A54B1B68A44A43F0AD
S32D0000FA2808031360A24B5B69A14A43F0080353619E4B1B689D4A43F0080313609A4B4FF480725A62984B4FF4A4
S32D0000FA5080721A62954B4FF480721A61934B4FF480725A61914B4FF480729A618F4B4FF48072DA618D4B4FF44B
S32D0000FA7880721A638B4B4FF480725A63894B4FF480729A63874B4FF48072DA63854B4FF480721A64834B4FF44B
S32D0000FAA080725A64814B4FF480729A647F4B4FF48072DA64814B4FF480721A607F4B4FF480729A607D4B4FF4CD
S32D0000FAC88072DA607B4B4FF480721A61784B5B69774A43F440735361744B5B69734A43F47F2343F0F003536195
S32D0000FAF0734B5B69724A43F01D035361E221786800F0B0FB1D21786800F052FC0221786800F04EFC0421786887
S32D0000FB1800F04AFCE021786800F0A0FB0121786800F042FC6420FFF777F8E021786800F095FB0321786800F0AF
S32D0000FB4037FC0121786800F08DFB0120FFF768F8E621786800F086FB0121786800F028FCA021786800F024FC54
S32D0000FB68FF21786800F020FCB021786800F076FB1C21786800F018FC0F21786800F014FC0121786800F010FC22
S32D0000FB903F21786800F00CFC0021786800F008FCEF21786800F004FC0021786800F000FCB421786800F056FB57
S32D0000FBB80121786800F0F8FB9921786800F0F4FB0021786800F0F0FB4521786800F0ECFB0221786800F0E8FBF2
S32D0000FBE00021786800F0E4FB0021786800F0E0FB0021786800F0DCFBB621786800F032FB0121786800F0D4FBFE
S32D0000FC080921786800F0D0FB0021786800F0CCFB0E21786800F0C8FB0221786800F0C4FB0021786800F0C0FB31
S32D0000FC300021786800F0BCFBBA21786800F012FB0F21786800F0B4FB6420FEF7E9FF3A21786800F007FB602188
S32D0000FC58786800F0A9FB2A21786800F0FFFA0021786800F0A1FB0021786800F09DFB0121786800F099FB3F21FA
S32D0000FC80786800F095FB2B21786800F0EBFA0021786800F08DFB0021786800F089FB0021786800F085FBEF2186
S32D0000FCA878680BE000B0044000A0044080F00F4040F00F4000C00440C0F00F4000F074FB3621786800F0CAFA00
S32D0000FCD00021786800F06CFBF021786800F0C2FA0421786800F064FBB821786800F0BAFA0F21786800F05CFB09
S32D0000FCF80121786800F058FB314B1B68304A43F0080313606420FEF787FF3621786800F0A5FA0021786800F0B9
S32D0000FD2047FBF021786800F09DFA0421786800F03FFB0121786800F0BCF91E226F21786800F082F8AF225621C3
S32D0000FD48786800F0DBF80021786800F0FFF9012301221C49786800F020FA2921786800F07DFA6420FEF758FF0A
S32D0000FD70BE21786800F076FA0E21786800F018FBF021786800F014FB0121786800F010FB0021786800F00CFB4F
S32D0000FD980021786800F008FB0F21786800F004FB786800F01DFA0121786800F0CFF90021786800F0A4F900BF5C
S32D0000FDC00837BD4680BD00BF40F00F409411020080B582B000AF78607B680022DA617B6801221A627B680E22EE
S32D0000FDE85A607B681A229A607B6800225A617B6800229A617B684FF4A072DA607B68F0221A617B6800221A70E9
S32D0000FE10786800F0C1FE7B6818460837BD4680BD80B582B000AF7860064B1B78002B05D1044B01221A707868C6
S32D0000FE38FFF7C2FD00BF0837BD4680BD2C1A002080B58AB002AFF860B9607A607E23009362237A68B968F868BC
S32D0000FE6000F015FC40F24E733B610023FB61FA693B699A4240DA0023BB61214AFB6913441B781A46BB69934217
S32D0000FE8832DAFB6901331C4AD35C002B06D1FF23FB75FF23BB75FF237B7512E0FB690133154AD35C012B06D100
S32D0000FEB0D423FB750023BB7526237B7505E0B523FB75BA23BB75B0237B757B7DBA7DF97DF86800F0C9F8024636
S32D0000FED8FB68DA61F86800F05BFEF86800F094FDBB690133BB61C4E7FB690233FB61BAE700BF2037BD4680BDC9
S32D0000FF000800002080B58AB002AFF860B9607A602723009395237A68B968F86800F0B7FB40F2E6333B6100239C
S32D0000FF28FB61FA693B699A4240DA0023BB61214AFB6913441B781A46BB69934232DAFB6901331C4AD35C002B9D
S32D0000FF5006D1FF23FB75FF23BB75FF237B7512E0FB690133154AD35C012B06D10023FB750023BB7500237B75A2
S32D0000FF7805E0D423FB750023BB7526237B757B7DBA7DF97DF86800F06BF80246FB68DA61F86800F0FDFDF8689B
S32D0000FFA000F036FDBB690133BB61C4E7FB690233FB61BAE700BF2037BD4680BD5807002080B485B000AF786096
S32D0000FFC80B46FB70FB78062B29D801A252F823F0FDFF0000F5FF0000030001000B00010013000100190001007C
S32D0000FFF0210001006FF07F43FB6014E00023FB6011E04FF47F03FB600DE04FF47F43FB6009E0FF23FB6006E029
S32D000100184FF41903FB6002E0044BFB6000BFFB6818461437BD4680BC704700BF9999990080B584B000AF786038
S32D0001004039603B681B0CFB733B681B0ABB733B687B737B7BBA7BF97B786800F005F8034618461037BD4680BD9F
S32D0001006880B487B000AF7860084611461A460346FB700B46BB7013467B70FB789B08DBB27B61BB789B08DBB21C
S32D000100903B617B789B08DBB2FB607B691A033B699B011A43FB68134318461C37BD4680BC704780B582B000AF13
S32D000100B878600B46FB70FB7819467868FFF77CFF03461946786800F004F800BF0837BD4680BD80B582B000AF9A
S32D000100E07860396039687868FFF7A6FF02467B681A62786800F050FD786800F0F1F900BF0837BD4680BD80B573
S32D0001010882B000AF78600B46FB70FB7819467868FFF752FF03461946786800F004F800BF0837BD4680BD80B573
S32D0001013082B000AF7860396039687868FFF77CFF02467B681A62786800F026FD00BF0837BD4680BD80B582B01D
S32D0001015800AF78600B46FB70FB7819467868FFF72BFF03461946786800F004F800BF0837BD4680BD80B582B04A
S32D0001018000AF7860396039687868FFF755FF02467B68DA61786800F0FFFC00BF0837BD4680BD80B586B000AFDC
S32D000101A8F860B9607A603B6000237B617B69BA6813441B78002B0FD07B69BA6813441B783A687968F86800F086
S32D000101D0DDFA7B680C337B607B6901337B61E9E700BF1837BD4680BD80B582B000AF7860FDF736F86721012061
S32D000101F8FCF7C5FF00210220FCF7C1FFA0210320FCF7BDFF50210420FCF7B9FF20210520FCF7B5FF20210620E4
S32D00010220FCF7B1FF77210720FCF7ADFF00210820FCF7A9FF00210920FCF7A5FF00210A20FCF7A1FF04210B20BB
S32D00010248FCF79DFF7B684FF0FF32DA637B684FF0FF321A6400BF0837BD4680BD80B483B000AF78600B46FB70AF
S32D000102704D4B1B684C4A23F0080313604B4B1B684A4A23F480231360484B1B68474A43F480331360454B1B682C
S32D00010298444A23F440731360414B1B68404A23F4435323F0300313603E4B1A68FB785B0203F400733B4913434E
S32D000102C00B603A4B1A68FB785B101B0203F48073364913430B60344B1A68FB789B101B0103F010033049134368
S32D000102E80B602F4B1A68FB78DB105B0103F020032B4913430B602A4B1A68FB781B119B0103F04003264913434E
S32D000103100B60254B1A68FB785B11DB01DBB2224913430B60204B1A68FB789B111B0303F480531D4913430B60D2
S32D000103381B4B1A6897F90330DB115BB25B0303F40053174913430B60164B1B68154A23F400331360134B1B6848
S32D00010360124A43F4003313600F4B1B680E4A43F0080313600D4B1B680C4A43F440731360094B1B68084A43F461
S32D00010388435343F030031360064B1B68054A43F48023136000BF0C37BD4680BC704700BF80F00F4040F00F4072
S32D000103B080B483B000AF78600B46FB70464B1B68454A23F008031360444B1B68434A43F480331360414B1B6835
S32D000103D8404A43F4802313603E4B1B683D4A23F4407313603A4B1B68394A23F4435323F030031360374B1A685A
S32D00010400FB785B0203F40073344913430B60334B1A68FB785B101B0203F480732F4913430B602D4B1A68FB78CA
S32D000104289B101B0103F01003294913430B60284B1A68FB78DB105B0103F02003244913430B60234B1A68FB784F
S32D000104501B119B0103F040031F4913430B601E4B1A68FB785B11DB01DBB21B4913430B60194B1A68FB789B11F9
S32D000104781B0303F48053164913430B60144B1A6897F90330DB115BB25B0303F40053104913430B600F4B1B6811
S32D000104A00E4A23F4003313600C4B1B680B4A43F400331360084B1B68074A43F008031360064B1B68054A23F4FA
S32D000104C88023136000BF0C37BD4680BC704700BF80F00F4040F00F4080B586B000AF78607B6800225A617B6865
S32D000104F000229A617B681B6AFB60FB68FB72FB681B0ABB72FB681B0CDBB203F003037B722A217868FFF7A6FEB6
S32D0001051800217868FFF748FF00217868FFF744FF01217868FFF740FF3F217868FFF73CFF2B217868FFF792FEE2
S32D0001054000217868FFF734FF00217868FFF730FF00217868FFF72CFFEF217868FFF728FF2C217868FFF77EFE6E
S32D00010568314B1B68304A23F4407313602F4B1B682E4A23F47F2323F0F00313602C4B1B682B4A23F01D031360F2
S32D00010590274B1A687B681B6B254913430B60254B1A687B685B6B234913430B60224B1A687B689B6B2049134351
S32D000105B80B601E4B1B681D4A23F0080313601A4B1B68194A43F48023136000237B617B69EF2B19D800233B6180
S32D000105E03B69B3F5A07F0FD2114B1B68104A23F4003313600E4B1B680D4A43F4003313603B6901333B61EBE754
S32D000106087B6901337B61E2E7084B1B68074A43F008031360044B1B68034A23F48023136000BF1837BD4680BD94
S32D0001063040F00F4080F00F40C0F00F4080B483B000AF78607B689B69002B07DD7B685B695A1C7B685A617B68DC
S32D0001065800229A6100BF0C37BD4680BC704780B582B000AF78607B685A697B685B689A4205DB7B6800225A61A8
S32D000106807868FFF72DFF00BF0837BD4680BD80B588B000AFF860B9607A603B60FB681B78022B03D0FB681B781D
S32D000106A8032B11D17B68FB61BA6AFB691344013BBB61FB68DA68BB68D31A3B613B683A69D31A01337B610DE01C
S32D000106D0BB68FB613A68FB691344013BBB617B687B61BA6A7B691344013B3B612A21F868FFF7B8FDFB691B0AF2
S32D000106F8DBB203F00F03DBB21946F868FFF754FEFB69DBB21946F868FFF74EFEBB691B0ADBB203F00F03DBB253
S32D000107201946F868FFF744FEBB69DBB21946F868FFF73EFE2B21F868FFF794FD7B691B0ADBB203F00F03DBB2B6
S32D000107481946F868FFF730FE7B69DBB21946F868FFF72AFE3B691B0ADBB203F00F03DBB21946F868FFF720FE96
S32D000107703B69DBB21946F868FFF71AFE2C21F868FFF770FD00BF2037BD4680BD80B58EB002AFF860B9607A6087
S32D00010798FB70FB780A2B06D1F868FFF760FFF868FFF748FFF2E0FB787D2B02D8FB781F2B01D82023FB70FB7878
S32D000107C0203BFB70112300930C237A68B968F868FFF75DFFFA7813469B0013446F4AD35C3B75FA7813469B00DE
S32D000107E8134401336B4AD35C7B75FA7813469B0013440233674AD35CBB75FA7813469B0013440333634AD35CB2
S32D00010810FB75FA7813469B00134404335F4AD35C3B760023BB62BB6A062B00F3A180F86800F050F9F86800F039
S32D00010838B3F8002387F82F3000237B627B6A042B35DC07F114027B6A13441B7803F00103002B14BF01230023A7
S32D00010860FB76FB7E002B11D097F82F3083F00103DBB2002B03D0F86800F0CAF802E0F86800F08EF8F86800F069
S32D000108888BF80DE097F82F30002B03D0F86800F01DF902E0F86800F07FF8F86800F07CF8FB7E87F82F307B6AD6
S32D000108B001337B62C6E797F82F30002B03D0F86800F008F902E0F86800F06AF8F86800F067F8002387F82F30DA
S32D000108D800233B623B6A042B42DC07F114023B6A13441B7803F00103002B14BF01230023BB76BB7E002B11D0F0
S32D0001090097F82F3083F00103DBB2002B03D0F86800F07EF802E0F86800F042F8F86800F03FF80DE097F82F3044
S32D00010928002B03D0F86800F0D1F802E0F86800F033F8F86800F030F8BB7E87F82F3007F114023B6A13441B7800
S32D000109505B08D9B207F114023B6A13440A461A703B6A01333B62B9E7BB6A0133BB625AE7F86800F0AFF80023BF
S32D0001097887F82F300123FB61FB69232B06DCF86800F00AF8FB690133FB61F5E73037BD4680BD00BF400B00206B
S32D000109A080B483B000AF7860174B1B68164A43F480331360154B1B68144A23F008031360114B1B68104A43F456
S32D000109C8802313600E4B1B680D4A23F4003313600B4B1B680A4A43F400331360094B1B68084A43F00803136016
S32D000109F0054B1B68044A23F48023136000BF0C37BD4680BC704700BF40F00F4080F00F4080B483B000AF7860A7
S32D00010A182B4B1B682A4A43F480331360294B1B68284A23F008031360254B1B68244A43F480231360224B1B684D
S32D00010A40214A23F440731360204B1B681F4A23F47F2323F0F00313601D4B1B681C4A23F01D031360184B1A687A
S32D00010A687B685B6A164913430B60164B1A687B689B6A144913430B60134B1A687B68DB6A114913430B600E4B32
S32D00010A901B680D4A23F4003313600B4B1B680A4A43F400331360094B1B68084A43F008031360054B1B68044A9B
S32D00010AB823F48023136000BF0C37BD4680BC704740F00F4080F00F40C0F00F4080B483B000AF78602B4B1B68C6
S32D00010AE02A4A43F480331360294B1B68284A23F008031360254B1B68244A43F480231360224B1B68214A23F4FC
S32D00010B0840731360204B1B681F4A23F47F2323F0F00313601D4B1B681C4A23F01D031360184B1A687B681B6BCA
S32D00010B30164913430B60164B1A687B685B6B144913430B60134B1A687B689B6B114913430B600E4B1B680D4AB5
S32D00010B5823F4003313600B4B1B680A4A43F400331360094B1B68084A43F008031360054B1B68044A23F48023F2
S32D00010B80136000BF0C37BD4680BC704740F00F4080F00F40C0F00F4080B485B000AF78607B681B6AFB60FB6888
S32D00010BA8FB72FB681B0ABB72FB681B0CDBB203F003037B727B6800225A627B6800229A627B680022DA627B6819
S32D00010BD000221A637B6800225A637B6800229A637B681A6BFB7A5B0203F400731A437B681A637B681A6BFB7A55
S32D00010BF85B101B0203F480731A437B681A637B685A6BFB7A9B101B0103F010031A437B685A637B685A6BFB7A9B
S32D00010C20DB105B0103F020031A437B685A637B685A6BFB7A1B119B0103F040031A437B685A637B685A6BFB7A16
S32D00010C485B11DB01DBB21A437B685A637B685A6BFB7A9B111B0303F480531A437B685A637B685A6B97F90B308A
S32D00010C70DB115BB25B0303F400531A437B685A637B685A6BBB7A9B0303F480431A437B685A637B685A6BBB7AA8
S32D00010C985B10DB039BB21A437B685A637B685A6BBB7A9B101B0403F480331A437B685A637B685A6BBB7ADB1084
S32D00010CC05B0403F400331A437B685A637B685A6BBB7A1B119B0403F480231A437B685A637B685A6BBB7A5B11F7
S32D00010CE8DB0403F400231A437B685A637B689A6BBB7A9B1103F001031A437B689A637B689A6B97F90A30DB114C
S32D00010D105BB29B0003F004031A437B689A637B689A6B7B7ADB0003F008031A437B689A637B689A6B7B7A5B109A
S32D00010D381B0103F010031A437B689A637B68DB69FB60FB68FB72FB681B0ABB72FB681B0CDBB203F003037B7229
S32D00010D607B685A6AFB7A5B0203F400731A437B685A627B685A6AFB7A5B101B0203F480731A437B685A627B6818
S32D00010D889A6AFB7A9B101B0103F010031A437B689A627B689A6AFB7ADB105B0103F020031A437B689A627B68E2
S32D00010DB09A6AFB7A1B119B0103F040031A437B689A627B689A6AFB7A5B11DB01DBB21A437B689A627B689A6A0D
S32D00010DD8FB7A9B111B0303F480531A437B689A627B689A6A97F90B30DB115BB25B0303F400531A437B689A6218
S32D00010E007B689A6ABB7A9B0303F480431A437B689A627B689A6ABB7A5B10DB039BB21A437B689A627B689A6A3E
S32D00010E28BB7A9B101B0403F480331A437B689A627B689A6ABB7ADB105B0403F400331A437B689A627B689A6A03
S32D00010E50BB7A1B119B0403F480231A437B689A627B689A6ABB7A5B11DB0403F400231A437B689A627B68DA6AB9
S32D00010E78BB7A9B1103F001031A437B68DA627B68DA6A97F90A30DB115BB29B0003F004031A437B68DA627B6819
S32D00010EA0DA6A7B7ADB0003F008031A437B68DA627B68DA6A7B7A5B101B0103F010031A437B68DA6200BF143766
S32D00010EC8BD4680BC7047000080B582B000AF786039607B68012B07D13B684FF6FF72934202D10348FEF770FFE7
S32D00010EF000BF0837BD4680BDE819002080B500AF4FF6FF710120FFF7E3FF80BD80B582B000AF7860164B03F55E
S32D00010F1880535B6B144A43F0400302F580525363124B4FF400725A62104B4FF400721A620F4B14225A700E4BB1
S32D00010F401B7ADBB20C4A43F00103DBB213720A4B80229A7002212B20FCF79EF83D212A20FCF79AF87B6818465B
S32D00010F680837BD4680BD00BF0070044000C004400060064080B582B000AF786039607B68012B07D13B684FF668
S32D00010F90FF72934202D10348FFF7B8FF00BF0837BD4680BD301A002080B500AF4FF6FF710120FFF7E3FF80BDAA
S32D00010FB880B582B000AF78600B46FB707B68FA7811461846FEF796FA7B6818460837BD4680BD000080B582B0AA
S32D00010FE000AF786039607B68012B08D13B684FF6FF72934203D120210348FFF7DDFF00BF0837BD4680BD00BF7D
S32D00011008341A002080B500AF4FF6FF710120FFF7E1FF80BD80B483B000AF78607B6800221A707B6818460C377D
S32D00011030BD4680BC7047000080B483B000AF78603960044A3B68136000BF0C37BD4680BC704700BF381A002087
S32D0001105880B582B000AF3248FCF708FA0346FB71304AFB791370304B01221A702F4B1B78022B33D0022B4FDC01
S32D00011080002B02D0012B14D04AE0FB79FF2B44D1284B01221A70284B00221A70264B1B785A1CD1B2244A11702C
S32D000110A81946244AFB79535433E0214B1B785A1CD1B21F4A117019461E4AFB7953541C4B1B780D2B27D11C4BC9
S32D000110D01B68194A1278114618489847154B02221A701CE0FB79FF2B10D1124B01221A70114B00221A70104BF5
S32D000110F81B785A1CD1B20E4A117019460D4AFB79535409E00A4B00221A70084B00221A7002E000BF00E000BF6A
S32D0001112000BF0837BD4680BD00A006404F1A00204E1A00204D1A00204C1A00203C1A0020381A002080B582B00F
S32D0001114800AF78607B681846FFF764FF7B6811491846FFF76DFF7B684FF0FF325A600E4B4FF000021A600D4BE1
S32D000111704FF000021A600C4B4FF000021A600B4B00221A600A4B00221A700A4B00221A707B6818460837BD460C
S32D0001119880BD00BFB91101005C1A0020601A0020641A0020681A00206C1A00206D1A002080B582B000AF7860B6
S32D000111C00B46FB701D4B1B78002B32D07B6801331B781A067B6802331B781B041A437B6803331B781B0213430C
S32D000111E87A680432127813431A46134B1A607B685A79124B1A707B6806331B78AA2B0CBF01230023DAB20E4B90
S32D000112101A700E4B01221A700B4B1B78002B08D00B4800F049F80B4B1B680A4A23F40053136000BF0837BD46A4
S32D0001123880BD00BF581A0020681A00206C1A00206D1A00206E1A0020701A0020C0F00F4080B582B000AF7860CB
S32D0001126039607B68012B07D13B684FF6FF72934202D10348FFF766FF00BF0837BD4680BD501A002080B500AF8C
S32D000112884FF6FF710120FFF7E3FF80BD80B483B000AF7860054B00221A60044B00225A607B6818460C37BD46C0
S32D000112B080BC7047701A002080B584B000AF7860154B1B68002B21D00023FB60124B5B68FA689A4214DA114A5E
S32D000112D8FB6852F82330002B0AD00E4AFB6852F823301846FCF709FB03461A460A4B1A70FB680133FB60E5E7EF
S32D00011300054B00225A60044B00221A60044B1B7818461037BD4680BD701A00207C1A0020781A002080B582B067
S32D0001132800AF786039607B68012B07D13B684FF6FF72934202D10348FFF7A8FF00BF0837BD4680BD701A0020BE
S32D0001135080B500AF4FF6FF710120FFF7E3FF80BD80B483B000AF78600A4B03F580531B6B084A43F0010302F58B
S32D0001137880521363064B5B68054A43F03203536000BF0C37BD4680BC704700BF0070044000000A400346084634
S32D000113A0194608F0BFBF00BF00F03AB8012838BF012010B50446204609F03AFA00B110BD00F0CAF908B1804714
S32D000113C8F5E7042000F09CF8024B034A0349036000F06CF9FC110200F1130100D811020000487047C8110200FB
S32D000113F010B5034B0360044600F0C2F8204610BDFC11020010B5054B0360044600F0B8F820460421FFF7C8FF78
S32D00011418204610BDFC11020009F00EBA20494B6830B5A0F108046BB350F8085C04EB050E734527D821D05A68CE
S32D0001144001F1040C32B90FE0516803F1040C21B313460A469645F7D304BFDEE900215960DCF8003008BFAD18CE
S32D000114681A6899188C4211D05B6840F8043CDCF8003040F8085C5C6030BD1A685B682A4440F8082C40F8043C58
S32D000114904C6030BD2A441A6030BD5B681A6899188C42E5D1F6E700BFE41A0020154900F108034868082B38BF57
S32D000114B80823A0B1073323F00703043102E0011D4068C8B102689342F9D810B4D41A072C06D84368026010BC30
S32D000114E00B60083070477047C218D0F804C0C2F804C0C450086810BC036008300A607047704700BFE41A002048
S32D0001150810B500F18004204609F08EF9034630B180220021184609F0E1FD803010BD2046FFF7C0FF0346002869
S32D00011530F2D100F049F800BF064A93688038984205D9D2681344984201D2FFF76BBF09F077B900BFE41A0020BA
S32D0001155838B5084C4FF41E652846E56009F064F9A06020B10023C0E90053606038BDE060606038BDE41A00209C
S32D00011580704700BF704700BF004870470812020010B504210446FFF707FF204610BD00BF08B5804708F0B6FEE3
S32D000115A806F0C6FB08F0B2FE0C46054606F0FEFB013402D1284606F049FB06F04FFA00BF08B5034B1868BFF33E
S32D000115D05B8FFFF7E5FF00BF240D002008B58047FFF7F2FF08B5034B1868BFF35B8FFFF7F5FF00BF200D002090
S32D000115F8024B1868BFF35B8F704700BF240D0020024B1868BFF35B8F704700BF200D0020012810B51AD8BFF3D6
S32D000116205B8FA1F1280353E8002F013A43E800200028F8D1BFF35B8F5AB951F81C3C01F158040BB12046984774
S32D000116482046BDE81040FFF773BF10BD51F8140CFFF7A2FF38B5002540E91E1240F8805C0446FFF7CDFF44F85C
S32D00011670700CFFF7C1FF43222B23472104F8552C04F8542C04F8533C04F8523C4E22552304F8581C04F8515CEF
S32D00011698054904F8572C04F8563C44F86C0C44F8501CA4F1800038BD1916010070B504460D46164606F0C4FB5F
S32D000116C0436801333246294643602046FFF7C6FF0446012344F8283B204608F013FC204606F02AFBFFF770FF11
S32D000116E810B506F0ADFBD0E900420132426064B194F82020472A0AD0002202602034204608F020FC204606F0C6
S32D0001171013FBFFF759FF94F821204E2AF0D194F82220552AECD194F82320432AE8D194F82420432AE4D194F8CB
S32D0001173825202B2AE0D194F826202B2ADCD194F82720012AD8D8626952426261D6E700BF024B1868BFF35B8FAE
S32D00011760704700BFF41A002010B5034B0360044600F048F9204610BDF812020010B5054B0360044600F03EF99D
S32D0001178820460C21FFF70CFE204610BDF812020070B582B00446069E96420D4609D0A06804680696246A29460A
S32D000117B0A44602B0BDE87040604719460192009300F064F8DDE900320028ECD0062002B070BD00BF2DE9F04FAC
S32D000117D80D4681B01946DDE90A7ADDE90C981C460646934600F04EF880B94F4527D0B06823460468CDE90C9883
S32D00011800CDE90A7AE4695A462946A44601B0BDE8F04F6047002DC8F8007088F804B00CDB3D44A9450CBF4FF00C
S32D0001182806094FF0010988F80690002001B0BDE8F08F0235F9D1012388F80630F5E75146304600F01FF800283B
S32D00011850D1D088F805B0ECE72DE9F04106460F4614461D4600F008F948B9B068016822468C692B463946A44671
S32D00011878BDE8F0416047BDE8F08100BF704700BF00207047814211D008B5406803782A2B0AD049680B782A2B66
S32D000118A008BF013109F030FFB0FA80F0400908BD002008BD0120704770B53B4B1A7882B0002A41D101241C70B7
S32D000118C806F0E4FD002831D04468364D23782A2B08BF013400224FF0FF30114601AB0190204606F047F82B6884
S32D000118F03022DB68064601212D4808F05DFF019B93B12B682046D96808F082FD2B682948DB680222012108F0E7
S32D000119184FFF019B13B9304608F08EFFFFF7E0FE2B683046D96808F06FFDEBE71D4B20481B682D22DB6821464F
S32D0001194008F03AFF08F0E6FC184B1C481B681D22DB68012108F030FF08F0DCFC01290C4619D106F0E9F90368DF
S32D000119689B6898472B682146DB6804460B22124808F01EFF2B682046D96808F045FD2B680A20D96808F0D0FC15
S32D0001199006F010FAD6E706F0CFF906F00BFAD1E706F008FA06F05EF8F81A0020280D0020541302008813020029
S32D000119B88C13020034130200BC13020070B5036884B000249E690394102315460293CDE900446B461268B04780
S32D000119E09DF8043003F00603062B03BF009B2B600120204604B070BD0098904214BF01200620704710B5034B44
S32D00011A0803600446FFF73AFF204610BD0014020010B5054B03600446FFF730FF20460821FFF7BEFC204610BD31
S32D00011A30001402002DE9F041069F0899099E8F42044690461D460CD029462046FFF71EFF20B10123376086F81B
S32D00011A580480B3710020BDE8F0810799FFF712FF0028EDD086F805800020BDE8F08100BF38B515461C46FFF75D
S32D00011A8005FF00B938BD082206232560E260237138BD00BF2DE9F041064617461D460C46FFF7F4FE48B9032D65
S32D00011AA807D823683A46314620465B69BDE8F0411847BDE8F08100BF70B54C1E84464F2C42D8DFE804F0282881
S32D00011AD02828414141413F3F283F3F3F3F3F3F3F3F3F3F3F3F412A2A2A2A2A2A2A2A283F3F3F3F3F413F2A2932
S32D00011AF82841282A2A3F2941413F3F3F28282828283F28283F2841413F3F3F4141413F3F3F282A282A2ABAB17D
S32D00011B20B3B1DCE90540844212DADCF8105004EB840E05EB8E0001340026C0E90166CCF8144005F82E10C0E9DC
S32D00011B48032370BD002AE8D1002070BDF0B5C26811786E29864625D03039CBB2092B2BD80026164D00206FF016
S32D00011B70004402E0B0EBD30F15DC0132CEF80C201378303B5FFA83FC00EB800001EB4000BCF1090F1946A4EB75
S32D00011B980303A5FB0373E9D906B14042F0BD4FF0FF30F0BD531CC36051783039CAB2092A02D81A460126D4E7B0
S32D00011BC00020F0BDCDCCCCCC10B5044629B9C3681A786AB15A1CC260197868290CD0762906D12046FFF7B6FF12
S32D00011BE8E3681A785F2A01D0002010BD0133E3602046FFF7ABFFE3681A785F2AF4D10133E360012010BD00BFDE
S32D00011C1010B4C3680A46197852290DD04F2902D0104610BC7047C46A03342021C4620133C36010BC002343E71E
S32D00011C38C46A02341F21C462F5E700BF002965D070B506460C46A368012B38DCD6F81C51B5F5806F03F10103E0
S32D00011C6031DC2278A360531E4F2B2CD8DFE803F03030304B2B2B2C2C3030303030303030303030303030302B7E
S32D00011C8830303030303030303030414130302B303030302830303030302B2C30303030303030303030303030A1
S32D00011CB02B2B30282828282B3030303030303030E468002CC3D170BD2469002CBFD1FAE7E16801353046C6F81E
S32D00011CD81C51FFF7B3FF21693046FFF7AFFFD6F81C31013BC6F81C3170BDE1680B78052BEBD1D6F83831013372
S32D00011D00C6F83831E5E7D6F84431E1680133C6F84431DEE7704700BFC3681A785F2A01D00120704710B55A1C69
S32D00011D28C2605A785F2A044604D0FFF70FFFC043C00F10BD0233C360FFF708FF002809DB092805DDE3681A78FD
S32D00011D505F2A03D10133E360012010BD002010BD28B909E0002908DD0069013940B103782F2BF7D000207047D6
S32D00011D787047FBD1C0687047704700BFF0B514465268A5684B1C1344AB4283B00E46074611D8E5686DB96368F8
S32D00011DA0206832461844394609F086F8D4E9003233449D5463683344636003B0F0BDE268002AFAD155B16D0054
S32D00011DC8AB42FCD82068294609F020FA38B12060A560DEE7022B4FF00205F0D8F2E70190206808F029FD019B07
S32D00011DF00122C4E90033C4E90232DEE70378722B07D0562B05D04B2B03D0442B03D000207047012070474078E4
S32D00011E1800F0DF034F2BF8D0773801288CBF002001207047D0F80031FF2B70B504460D4606D05A1CC4F800215E
S32D00011E40E55484F8045170BD0026194680F8FF60D0E942329847D4F8283101221344C4F828313346C4F80021CA
S32D00011E68E55484F8045170BD0346D0F8100190B1CB684268002B10690BDB20B909E03BB10069013B30B102789C
S32D00011E902F2AF8D000207047C068704770470122C3F81821704700BF002942D038B505460C4623784C2B32D827
S32D00011EB8DFE803F02F31313131272F37373131313131313131313131313131312F313131313131313131313161
S32D00011EE03131312F313131312F31313131312F37313131313131313131313131312F2F3131312F2F2F31312F37
S32D00011F082F0021462846FFF7AFFF10B103782F2B00D0002038BDE1682846FFF7C1FF0028F8D12469002CC0D1DF
S32D00011F30F3E70020704700BF2DE9F041044608460D4609F05DFD40B3013DD4F800112F184FF0000809E00B46B7
S32D00011F58BD4201F10101C4F80011E65484F8046117D0FF2915F8016FF1D1D4E9423284F8FF8020469847D4F8F4
S32D00011F80283101210B44C4F828310023BD42C4F80011E65484F80461E7D1BDE8F08100BF38B5C3681A78542A94
S32D00011FA824D15A1CC2605A785F2A044620D06E2A1CD0FFF7CBFD421C18D4E36819785F2914D10133E360D4E9DF
S32D00011FD005318B420EDA216903EB830C01EB8C0001330025C0E901556361052301F82C30C26038BD002038BDB3
S32D00011FF80233C3600022E6E72DE9F04188B00A4604461A4901A809F051FB01A809F0F4FC40B301ADD4F80011F9
S32D000120202F184FF0000809E00B46AF4201F10101C4F80011E65484F8046117D0FF2915F8016BF1D1D4E9423281
S32D0001204884F8FF8020469847D4F8283101210B44C4F828310023AF42C4F80011E65484F80461E7D108B0BDE86D
S32D00012070F08100BF2414020070B50446FFF76AFD051E46DDE66863689B1B9D423EDCA26873195207E36004D5F2
S32D00012098725D242A04BF0133E360092D22DD2A490822304608F0D0FE30B9337A2E2B2ED05F2B2CD0242B2AD0F8
S32D000120C0D4E90532934221DA206903EB830200EB820001330022C0E90122636100230370C0E90133C0E903655A
S32D000120E8A06270BDD4E9053293420BDA206903EB830200EB820001330022C0E901226361002EE7D10020A06295
S32D0001211070BD002070BD737A4E2BD1D1E26A6369A1691632551B8B42E562EFDA226903EB8300810001336361F2
S32D0001213802EB80000023C0E901335354034A1523C0E90323DFE700BF28140200341402002DE9F041C3681A78FF
S32D00012160532A31D15A1CC2605A780446A2B39A1CC2605A785F2A44D0A2F13003D8B2092826D800210DE0303B89
S32D0001218899421DD8E06802781946451C1AB1E56002785F2A3BD0A2F13003D8B2092801EBC103A2F1410C02EBBA
S32D000121B08303E8D9BCF1190F06D801EBC10302EB8303373B9942E1D900252846BDE8F081A2F141001928D4D971
S32D000121D8A36803F00803002B14BF0125002500D1B9B93F4B742103F1A80001E013F81C1F914215D08342F9D11A
S32D00012200E2E70023226A9A42DED9E26952F823502846BDE8F0810133F4E7E3681B78433B012B98BF0D46E0E710
S32D000122285E69002E54D0D4E905208242D3F8188053DA276902EB820C07EB8C014FF0000EC1E901EE01324FF056
S32D00012250180E626107F82CE0C1E90368A162002D37D0D3E90371E36A90420B44E36236DD236902EB820003EB40
S32D00012278800501320026C5E901666261182203F82020C5E90371E3681A78422A99D1A66A0133E3602046FFF754
S32D000122A0EBFE2A4603464C212046FFF709FCE3681A78422A0546EFD0A662002884D0D4E90832934280DAE16958
S32D000122C85A1C41F8230022627BE7D3E90171C6E7D4E90520BFE70025D5E70021BAE700BFC01C02002DE9F8433B
S32D000122F08F18B9424AD20C4605464FF000080CE0D5F80011FF2933D04B1CC5F800316E5485F804610134A74211
S32D0001231838D93B1B032B2678EEDD5F2EECD163785F2BE9D1A378552BE6D1E21C9742E3D9002105E0A6F1370373
S32D00012340BA4203EB011123D0914612F8016BA6F13003D8B20928A6F1410CF1D9BCF1050FA6F16103EAD9052B50
S32D0001236814D8A6F15703E7E7D5E9423285F8FF8028469847D5F8282101231A44C5F828210021BEE7BDE8F8839C
S32D000123905F26B5E74F45FBD95F2EF9D1FF29AFD8CEB2D5F80011FF2907D04B1CC5F800314C466E5485F80461A7
S32D000123B8ACE7D5E9423285F8FF8028469847D5F828310133C5F828310021EAE72DE9F043C26883B00446104640
S32D000123E0FFF70CFD00286ED11178A1F130034A2B64D8DFE813F0B800B800B800B800B800B800B800B800B80027
S32D00012408B8006300630063006300630063006300FD016300CD00430163003D01DF016300630063006300630056
S32D000124303E02B800D101C3016300B5011901F300DB006300630063006300B80063006300630063006300630058
S32D000124589800980098009800980098009800980098009800630098009800980098006300630063009800980049
S32D00012480ED01980098009800980098000123256B2363204601F010FC25630246002343212046FFF70DFB0546A4
S32D000124A8019038B1E3681A7822B15A1CE2601B78452B5BD00025284603B0BDE8F083002201A9204601F050FE26
S32D000124D005460028F2D0E3681B78462B20461ED0FFF778FF28600028E8D003781F3B012B05D8019AC368C2606A
S32D000124F82A6801922B60019D002DDBD0D4E908329342D7DAE1695A1C284641F82350226203B0BDE8F08300F0F9
S32D000125207FFC2860DFE7B1486369613901EB810100EB8101A069834280F28483206903EB8306571C013300EBB0
S32D0001254886050022C5E901226361272300F82630E960E36A4968E7600B44E362ABE7204600F02AFE054601907C
S32D00012570002DA3D0D4E9083293429FDAE16941F82350019D5A1C2846226203B0BDE8F0830132E2602046FFF7BF
S32D000125981DFF0023024625212046FFF78DFA05460190E1E70132E2602046FFF761FDE36801901A78492A054665
S32D000125C000F0D0822046FFF705FF019B024621212046FFF775FA05460190C9E72046FFF7DFFCE668019033780C
S32D000125E8492B0546C0D1636B002B40F0DF8200283FF460AFD4E908218A42BFF65BAFE16941F8220001322262B3
S32D000126103278493A012A05D80136E660204601F07BFE03462A461CE05378A3F13002092A05D95F2B03D0413BE9
S32D00012638192B00F2AE8200212046FFF789FDE36801901A78492A05467FF435AF0133E360204601F05DFE2A46EE
S32D00012660034604212046FFF72BFA054601907FE7204600F0D5FB0546019079E7531CE3605378002B3FF41AAF14
S32D00012688931CE3605378463B302B3FF613AF01A151F823F0A3280100BD240100BD240100BD240100BD24010041
S32D000126B0BD240100BD240100BD240100BD240100BD240100BD240100BD240100BD240100BD2401008D24010057
S32D000126D8BD240100BD240100BD240100BD240100BD240100BD240100BD240100BD240100BD240100BD240100FF
S32D00012700BD240100BD24010043290100BD24010017290100FF290100CF2901009F290100BD2401006F290100F0
S32D00012728312B0100BD240100BD240100BD240100BD240100012B0100BD240100E92A0100BD240100BD240100B6
S32D00012750B92A01008D240100892A01002F2A01000132E2602046FFF735FE0023024623212046FFF7A5F90546BE
S32D000127780190F9E60132E2602046FFF727FE0023024622212046FFF797F905460190EBE60132E2602046FFF7B4
S32D000127A019FE0023024624212046FFF789F905460190DDE60132E2602046FFF70BFE0023024626212046FFF7DE
S32D000127C87BF905460190CFE60132E2602046FFF74FFC0023024628212046FFF76DF905460190C1E6841D020025
S32D000127F0511CE16053785F2B00F0B281303B092B00F2BD810B461D460133E3601A78303A092AF8D9D4E90520B8
S32D000128188242A3EB010CBFF64DAED4F810E002EB82000EEB80068700002001328445C6E9010062617FF73EAE60
S32D00012840C6E901000EF80700C6E9031C6A7819465F2A7FF433AE0131E1602046FFF7BAFD324603462A212046C8
S32D00012868FFF72AF9054601907EE60132E2602046FFF7ACFD054600283FF41CAE2046FFF7A5FD034600283FF45C
S32D0001289015AE2A462B212046FFF712F90546019066E6D4E905318B4280F2D081216903EB830001EB80050133E8
S32D000128B80026C5E9016663612C23019501F820309378303BDBB2092B94BF012333462B8203D82046FFF73AF986
S32D000128E0019D2046FFF776FD019BE860DB68002B3FF4E4AD2046FFF72DF9E268137813B1531CE3601378019D50
S32D00012908A3F17303B3FA83F35B096B82D3E5D4E905329342BFF6CEAD2269BE4903EB8305A8000133636102EBDC
S32D0001293085050023C5E9013313540E23C5E90313BDE5D4E905329342BFF6B8AD2269B44903EB8305A80001332E
S32D00012958636102EB85050023C5E9013313540423C5E90313A7E5D4E90532934280F26681226903EB830102EB26
S32D00012980810501330020C5E901006361272302F82130E36AA34AEA600433E3628FE5D4E90532934280F24E81C8
S32D000129A8226903EB830102EB810501330020C5E901006361272302F82130E36A984AEA600933E36277E5D4E921
S32D000129D00532934280F23681226903EB830102EB810501330020C5E901006361272302F82130E36A8D4AEA6069
S32D000129F80A33E3625FE5D4E90532934280F21E81226903EB830102EB810501330020C5E901006361272302F895
S32D00012A202130E36A824AEA600933E36247E593785F2B00F0E580D4E905329342BFF63EAD226903EB830102EBE9
S32D00012A48810501330020C5E901006361422302F821302046FFF77AF8E860E3681A785F2A7FF428AD0133E36027
S32D00012A702046FFF7AFFC2A4603462D212046FFF71FF80546019073E5D4E90532934280F2D980226903EB8301F1
S32D00012A9802EB810501330020C5E901006361272302F82130E36A614AEA600733E36202E5D4E90532934280F25D
S32D00012AC0C180226903EB830102EB810501330020C5E901006361272302F82130E36A564AEA600833E362EAE455
S32D00012AE82046FFF773FC002302464B212046FEF7E3FF0546019037E5D4E90532934280F29D80226903EB830193
S32D00012B1002EB810501330020C5E901006361272302F82130E36A454AEA601133E362C6E4D4E90532934280F233
S32D00012B388580226903EB830102EB810501330020C5E901006361272302F82130E36A3A4AEA600833E362AEE470
S32D00012B60002678E60133E360204601F0D5FB2A46034604212046FEF7A3FF019022E50123256B2363204601F020
S32D00012B8897F82563064600283FF494ACE1680A785AE6204600F010FB0546019000283FF489AC0378182B7FF417
S32D00012BB0E1AC84E4731CE3602046D4F81490D4F82080E76A01F0A8FBE3681B78492B07D0019DE660C4F814909B
S32D00012BD8C4F82080E762C7E4019A002A3FF46AACD4E908139942BFF665ACE56945F8212001310346216230E518
S32D00012C0003320123256BE2602363204601F054F82563054600287FF424AF4FE4541402004C140200C81F020028
S32D00012C288C1F0200B41F0200A01F0200DC1F0200F01F0200182002000420020000230193DB68FFDE00231B7047
S32D00012C50FFDE00BFF8B5C3681F78064677BB4FF0000E3D4D452100228B1A03EBD37302EB6303180105EB031C19
S32D00012C782C582078B84206D094BF5A1C19468A42EED10020F8BD60787045F5D1D6E905329342F6DA326903EB42
S32D00012CA0830102EB810001330024C0E901447361322302F82130C0F80CC0F8BD5A1CC26093F801E01F78BEF1D6
S32D00012CC8000F02D1762FC8D0C5E79A1CC260762F93F801E01FD1AEF13004E3B2092BBCD8FFF7C6F9D6E905315F
S32D00012CF08B420246C9DA376903EB830107EB810001330025C0E9015589007361002ABCD03323C0E901557B54E9
S32D00012D18C0E90342F8BD632F9FD1BEF1760F9CD1D0E90C34B3FA83F35B094363FFF74EFB736B024633B10023B4
S32D00012D4035213046FEF7BCFE7463F8BD34213046FEF7B6FEF8E700BF2C20020030B5C26883B000230193137879
S32D00012D6823B3044601AD11E04F2B16D0FFF72EFB024600232E212046C2B1FEF79DFE2860A0B1E268137800F13C
S32D00012D9010054BB1452B204606D02E2B04D0522BE6D15378452BE5D1019818B1036923B103B030BD002003B0F0
S32D00012DB830BDC26811782729F6D1D268117C0929F2D1E16A5268891AE162C360ECE700BF70B5C3681A784A2A83
S32D00012DE005461AD081B12846FFF7F4FA044690B12846FFF7B3FF034668B1224628462921BDE87040FEF75CBE84
S32D00012E0828460C46FFF7A6FF03460028F1D1002070BD0133C360E2E710B50446806810F480200BD1A26BB2F575
S32D00012E30006F06D8511CE368A1631978462907D0A26310BDE3681A78462A01D0002010BD5A1CE2605A78592AA9
S32D00012E5804BF0233E36001212046FFF7B9FF01462046FEF7D1FEE3681A78452A04BF0133E360A36818BF0020E1
S32D00012E805B03DED4A26B013ADAE700BFF8B5C3681A78A2F130010929044661D9A2F16101192914D86F2A04D1D6
S32D00012EA85A786E2A04BF0233C3602046FFF7CEFE054610B10378322B69D0E3681978422951D02846F8BDA2F113
S32D00012ED04301012940F28B804C2A79D0552A40F083805A786C2A00F0D580742A7CD15A1CC2605978742940F0E9
S32D00012EF898809A1CC2609A785F2A00F045816E2A6ED0FEF723FE0130E36800F1368119785F2977D10133E36082
S32D00012F20D4E90532934280F22B81226903EB830602EB860501330021C5E901116361482302F82630D4E90823A5
S32D00012F489A42E86080F22481E169E36841F82250013222621978B2E7FFF78AF8E368197842290546ADD1A66A66
S32D00012F700133E3602046FFF77FF82A4603464C212046FEF79DFDE368197842290546EFD0A6622846F8BDC26827
S32D00012F98E36A9168126807330B44E36213786C2B8BD15378692B88D19378002B85D12046FFF75EF82A4603464F
S32D00012FC037212046FEF77CFDE368054619787AE70133C360FFF750F8054628B12046FEF79BFE00287FF46DAFCA
S32D00012FE800252846F8BD806A80B1017861B90169E26A0A44E262197843290A4600F08680442905D000255AE791
S32D000130101829F0D0432A7DD059783039052936D8DFE801F0062C2935322F134600254AE74FF0010ED4E90521D7
S32D000130389F1C8A42E76080F2A380D4F810C002EB82010CEB810501320026C5E9016689006261002800F0948097
S32D00013060C5E9016608220CF8012085F80CE0286199783B4627E74FF0030EDBE74FF0020ED8E74FF0050ED5E71D
S32D000130884FF0040ED2E71146002518E75A1CC26059786C29C5D10233C360FFF75BFEE3680646002869D01978D0
S32D000130B04529ABD15A1CE2605A785F2A73D06E2A92D02046FEF746FD0130E36859D419785F299BD10133E36074
S32D000130D8D4E905218A425FDA216902EB820C01EB8C0501320027C5E901776261462201F82C20D4E908218A42BD
S32D00013100C5E903604CDAE16941F82250013222621978D8E65A78492A22D0A2F1310104293FF662AF303A023360
S32D00013128D7B2E360D4E90532934225DA226903EB830102EB810501330026C5E9016689006361002833D0072363
S32D00013150C5E901665354E3682F7328611978B2E6581CE0609A78A2F1310104291FD80333303AE3602046D7B274
S32D00013178FFF72CF9A06AD5E7E368197800259EE6997800253B469AE60333C3600020C3E6E3680D46197892E6C2
S32D000131A0197800258FE60233E360002094E759780025034687E6E3680546197883E600BF2DE9F047C2681378C5
S32D000131C84E3B84B004460C2B08D8DFE803F03107070707170713070707078500FFF752FEE3681A78492A054600
S32D000131F000F0C980284604B0BDE8F08704B0BDE8F04743E65378742B00F0CF800021FEF7A3FFE3681A78492ACF
S32D000132180546EBD10133E360204601F079F803462A460421204604B0BDE8F047FEF744BC0132C26003A9012254
S32D0001324000F096FF0746002800F0E78000212046FEF7DEFCE2681678804636B3DFF8B8924FF0000A442E00F065
S32D00013268DD80A6F13003DBB21C2B40F21B81A6F16103192B00F218812046FFF703FE0546BAF1000F06D001214A
S32D000132902B4652462046FEF713FC0546532E0DD1E268AA461678002EDCD100253D60A1E7FFF790F80546BAF191
S32D000132B8000FE8D1E2681678452E00F0BE80002DEFD0D4E908318B42EBDAE16941F8235001332362AA46E1E7CB
S32D000132E0531CC3605378472B02D0542B40F0B780204600F0D1F90546002D00F08E80E3681A78452A40F089801D
S32D000133085A1CE2605A78732A00F00681642A00F0A7802046FFF750FF034620B30278462A21D0482A1FD04FF011
S32D00013330FF3620460193FEF7EFFC019B00286CD0721C14D09C46D4E905239A4280F21781216902EB820001EB5B
S32D00013358800301320027C3E901776261472201F82020C3E903C62A78032A05D12A691178292904BF0021D16043
S32D000133802A46022152E7002847D0D4E908218A4243DAE16941F82200013222621A78493A012A7FF63BAF002326
S32D000133A83EE7D0E9053102328B42C26080F2D180026903EB8305A9000133436102EB85050023C5E90133535477
S32D000133D0524A0323C5E903232046FFF757FD2A46034601212046FEF76BFBE26AE3680332E2621A78492A05468C
S32D000133F87FF4FCAE68B1D4E908218A4209DAE16941F82200013222621A78493A012AC6D800E70025284604B073
S32D00013420BDE8F087537803F0DF03542B20463FF43FAFFFF72BFD0546BAF1000F7FF427AF3CE7152329FA03F3DB
S32D00013448D90740D52046FFF71DFD15B1AA46054619E705462EE7002100F09CF8054647E79A1CE2609A785F2AD8
S32D0001347000F081806E2AD0D02046FEF76BFB461CCBD4E3681A785F2AC7D10133E3602046FFF796FE034600286C
S32D000134983FF454AF1A78462A3FF450AF482A3FF44DAF42E75546C9E7552E2FD0532E09D101212046FEF74CFEE2
S32D000134C00546BAF1000F7FF4E2AEE9E65546492E45D0542E55D0452E09D04D2E7FF4E5AE002D3FF4E2AE013248
S32D000134E8E260AA46DAE63D60002D92D0B8F1000F04D0039BC8F80C30CDF80C80E3681A78452A86D10133039DA9
S32D00013510E3606FE6554699E7FF030810741402000233E3602046FEF7F7FB00283FF475AFD4E905239A4222DA34
S32D00013538216902EB820398000132626101EB83030022C3E901220A5411490E22C3E9031209E700253CE7002D69
S32D000135603FF4A3AE0132E260204600F0D5FEAA46042105468CE60333E360002687E70023F5E62046FEF70CFDD9
S32D00013588AA460546BAF1000F7FF47DAE92E600BF6414020070B505460E46FFF70DFE002849D00446EEB1AB68CE
S32D000135B0DB071AD423784D2BA3F11C01A3F14F0235D032D8042932D9022B0CD12369002B35D01A784D2AA2F1CA
S32D000135D81C00A2F14F012AD027D8042827D9204670BDEB681B78002BF9D0452BF7D021460B78042B32D026D8E3
S32D00013600022B22D109690029F6D12846FFF7E4FB0346A0B116B92278022A37D0224628460321BDE87040FEF75C
S32D000136284BBA012ADBD8E468C0E70129D7D8DB682361002BC9D10024204670BD1C3B042B08D90021DDE74D2BBD
S32D00013650A3F14F0202D0F5D9012AF6D8C9680029CAD1D2E7CB685BB11978082901F1FF3208D80629E9D8012A00
S32D0001367802D81B69002BF3D10121C2E7353918BF0121BEE70278292A08BFC660C2E700BF2DE9F041C16AC36840
S32D000136A001F11402C2621A78542A044678D0472A28D15A1CC2605A7822B39A1CC2605A78562A22D8402A1DD900
S32D000136C8413A152A1AD8DFE812F0260119001900190019001900190019001900190019001900190019001900D9
S32D000136F01900190005011900EB001900E100E3680233E3600020BDE8F081722AFAD1FEF721FA0128F6DDE368BE
S32D000137181A78002AF2D05E1CE6601B785F2BEDD10022451E17464FF041083378002BE5D0242B40F0E5817378A4
S32D00013740532B00F006825F2B00F00182242BD9D11946D4E905039842D1DA266900EB800C06EB8C030130C3E962
S32D000137680177606106F82C80E668D9600236023DE660002A00F0E58140212046FEF79CF902460028BAD0002D13
S32D00013790CFDC20460023BDE8F0413F21FEF790B95A1CC2605A78002AACD09A1CC2605B78413B352BA6D801A2AA
S32D000137B852F823F06B390100053701007F3901000537010005370100BB39010005370100373A0100E13A0100B0
S32D000137E0CD3A01000537010005370100053701000537010005370100053701000537010005370100F53A01009A
S32D000138084B3A010005370100633A01007B3A01000537010005370100053701000537010005370100053701000C
S32D0001383005370100053701000537010005370100053701008F3A0100053701000537010005370100053701007A
S32D00013858CF39010005370100053701000537010005370100053701000537010005370100053701000537010013
S32D0001388005370100053701000537010005370100033A0100FFF794FC0023024613212046BDE8F041FEF70CB9CC
S32D000138A89A78002A00F05381DA1CC2609A78DB786E2A45D0472B02D0542B40F048812046FFF7E6FE024620461D
S32D000138D00023BDE8F0414921FEF7F2B8FFF770FCD4E905129142064680F23F81226901EB810002EB80050023B3
S32D000138F8C5E9013301314223616102F820302046FEF724F9E8602B46324620461621BDE8F041FEF7D1B89B786F
S32D00013920472B01D0542B0AD12046FFF7B5FE024620460023BDE8F0411721FEF7C1B80021FFF72CFE0246F3E71C
S32D00013948472B00F01A81542B00F017810021FFF721FE024620460023BDE8F0414A21FEF7ABB800F0ABFC0023F2
S32D00013970024630212046BDE8F041FEF7A1B8FEF729FD05462046FEF7E5F80028FFF6BAAEE3681A785F2A7FF409
S32D00013998B5AE0133E3602046FEF718FDE16A0531E16202462B4620460B21BDE8F041FEF783B8FEF70BFD002381
S32D000139C002460E212046BDE8F041FEF779B86821FEF7FAF800283FF495AEE3681B78472B00F0C580542B00F0FD
S32D000139E8C28000212046FFF7D5FD024620460023BDE8F0410F21FEF75FB87621FEF7E0F800283FF47BAEE36809
S32D00013A101B78472B00F0B080542B00F0AD8000212046FFF7BBFD024620460023BDE8F0411021FEF745B8FFF7D1
S32D00013A38C3FB0023024614212046BDE8F041FEF73BB80A31C162FEF7C1FC002302460A212046BDE8F041FEF706
S32D00013A602FB80F31C162FEF7B5FC0023024609212046BDE8F041FEF723B8FFF7A1FB0023024615212046BDE868
S32D00013A88F041FEF719B80021FEF79AF800283FF435AE00212046FEF793F800283FF42EAEE3681B78472B6DD067
S32D00013AB0542B6BD000212046FFF770FD024620460023BDE8F0411121FDF7FABFFEF782FC002302461221204646
S32D00013AD8BDE8F041FDF7F0BFFEF778FC002302460C212046BDE8F041FDF7E6BFFEF76EFC002302460D21204612
S32D00013B00BDE8F041FDF7DCBFB446002104E01CF8013F23B1242B02D00131A942F7DBD4E9053083421DDA2069C3
S32D00013B2803EB830C0133636100EB8C03C3E9017700F82C70C3E90361E6680E446D1AE66017E61A461FE62E2199
S32D00013B50FFE52F21FDE500212046FFF71FFD0246B5E6E3680B44E360CCE50025CFE62046FFF792FD02463DE7F5
S32D00013B782046FFF78DFD024652E72046FFF788FD0246E7E62046FFF783FD024693E700BFF8B5C26813784C2B8B
S32D00013BA032D1531CC36051785F29044651D05A2913D15A1CE2605B78472B43D0542B41D000212046FFF7EAFC3B
S32D00013BC8E3681A780646452A1AD10133E3603046F8BDFEF7FBFB064690B10378272B12D0E26815786E2D23D01D
S32D00013BF03D21452D59D0134603E0E3601D78452D2FD00133002DF8D100263046F8BDC3681A7C1AB1E26A596814
S32D00013C18521AE2622549186807F072FD0028DFD1E2681578452D3ED06E2D01D03D21DEE7531CE36055783E21DD
S32D00013C401A46D6E72046FFF727FDE36806461A78BDE7931CC36092785A2A18BF0026B6D1A7E79D1AD4E90503FD
S32D00013C6898421CDAD4F810E000EB80070EEB87034FEA870C00270130BD42C3E9017760610DDDC3E901770EF890
S32D00013C900C70C3E9032532462046FDF711FFE36806461A7893E70023F5E70025DAE70132E260AAE778140200B7
S32D00013CB8C26813784C2B00F0A480542B00F0A280732B2DE9F041044665D0662B33D0A3F1300109290ED82046D1
S32D00013CE0FFF7D4F80546002800F08B80E3681A78492A00F08D802846BDE8F0816F2B5FD0692B40F0928053784A
S32D00013D086C2B00F0B1802046FEF7A0FF0546002873D00378322B55D0342B00F0A9816CD8332B6AD1C368032B78
S32D00013D3067D8DFE813F0E600EE00660066005378702BE4D1931CC3609378542B00F03A815F2B00F0B6806E2B50
S32D00013D5853D0FDF7FBFE411C4FD4E3681A785F2A4BD16FF0004201339142E36045D00230D4E90532934240DA15
S32D00013D80226903EB830102EB810501330026C5E901666361062302F82130E860ABE75378722B50D0702BB2D17D
S32D00013DA80232C260FFF784FF002302464B212046BDE8F041FDF780BE53786E2BA3D10232C26088E7C168E36AC5
S32D00013DD08A680E68023A1344E3623378732B5CD17278742A59D1B278002A56D12046FEF7F1FA03462A4620467C
S32D00013DF83721BDE8F041FDF75FBE00252846BDE8F081C5E6FEF7C8B80133E360204600F07FFA2A460346042170
S32D00013E202046BDE8F041FDF74BBE742B7FF46FAF53786C2B7FF46BAF0232E260FEF7CAFAE268054617E002322C
S32D00013E48C260FEF7C3FA05462046FFF71BF8E3681A78492A064623D003462A4620460121BDE8F041FDF728BE3D
S32D00013E700232E260002511780029C2D05378002BBFD04521204600F039F92A46034631212046BDE8F041FDF796
S32D00013E9813BECF68032FB0D8DFE807F02F13663C0133E360204600F033FA3246034604212046FDF701FE034615
S32D00013EC0CFE70332C260012056E73278702A00F082806D2A7FD00027732B77D17378502B74D1B378002B71D1FC
S32D00013EE8204600F015FA0346002F3FF47FAF1A4639212046FDF7E0FD77E72A4620460023BDE8F0413621FDF704
S32D00013F10D7BD2046FFF7D0FE03466BE7712B68D17378752B65D1B378002B62D12046FFF7C3FE06462046FFF745
S32D00013F38BFFE07462046FFF7BBFE034600283FF45CAF3A463C212046FDF7B6FD324603463B212046FDF7B0FD7E
S32D00013F602A4603463A212046BDE8F041FDF7A8BDEB681B685A78632A00F092803378662B00F09C802046FFF7AE
S32D00013F8897FE07463378632B56D172786C2A53D1B278002A50D14521204600F0ABF8064633463A46392120464B
S32D00013FB0FDF786FD2A46034638212046BDE8F041FDF77EBD0332C2600020D5E62046FFF773FE03468CE771784A
S32D00013FD891427FF47CAFE26811785F297FF478AF0132E2603378002772E73378662B6DD06E2B7FF402AF737893
S32D00014000772B02D0612B7FF4FCAE5F21204600F075F806462046FEF7DDF9E3681A78452A074667D0702A59D021
S32D00014028692A7FF4EAAE5B786C2B7FF4E6AE2046FFF73EFE034684E7642B26D17278742A23D1B2780ABB2046B7
S32D00014050FEF71CFFE3681A78492A0646A4D10133E360204600F058F93246034604212046FDF726FD064697E7D5
S32D00014078E3681A785F2A7FF448AF0133E3604521204600F037F80346B0E6702B17D02046FFF70EFE064683E768
S32D000140A01B78A3F16302012A03D9723B012B3FF665AF2046FEF78EF9074667E72046FEF7C9FD074662E773781D
S32D000140C8742BE4D1B378002BBDD0E0E72046FEF7BDFD2AE75A78692A7FF48FAE0233E3604521204600F006F85E
S32D000140F003462AE70133E360002326E72DE9F041C2680E46117882B00023B1420446019324D001AD012709E079
S32D00014118FDF7D2FC286000F1100588B1E3681A78B24211D0D4F8308027632046FFF7C0FD024600232E212046FE
S32D00014140C4F83080002AE7D1002002B0BDE8F08101980133E36002B0BDE8F0810132C2602E211A4602B0BDE8E7
S32D00014168F041FDF7A9BC00BF2DE9F04F0F46C168B2F1000983B00A78044615BF4FF01E0A4FF01B0A4FF01D085E
S32D000141904FF01A0814BF1C2619263D464FF0010B1BE0562A33D04B2A37D04B7853B38B1CE3604978782950D04E
S32D000141B86F2934D1E36A0933E3624F21002300222046FDF779FC2860C0B1E1680A7800F10C050846FDF70EFED5
S32D000141E0002840D04B1C722AE360DAD1E36A0933E3623146002300222046FDF761FC28600028E6D1002528464C
S32D0001420803B0BDE8F08FE36A0933E36241460023D5E7E36A0633E36251460023CFE74F2939D1E36A01910933A4
S32D00014230E3622046236BC4F830B00093FFF73CFD009B2363019903460028DBD0E26810784528D7D10132E26095
S32D00014258B5E7E36A1133E3624D210023AFE7B9F1000FCCD1462ACAD1BD42C8D01D201E211C2204E0192B0CD0E8
S32D000142800C37BD42BFD03F683B781A2B03D01B2BF4D13970F4E73870F2E73A70F0E77729B0D1E36A0633E3624F
S32D000142A82046FEF757FD03460028A7D0E26811784529A3D10132E260502180E738B5C26813784C2B1FD00446FC
S32D000142D007D8493B012B15D80132BDE83840C2601AE0582B0ED101320123056BC2600363FFF7E2FCE36825637F
S32D000142F81A78452A0AD10133E36038BD2046BDE83840FEF763B8BDE8384041E4002038BD70B5C368866A1A7893
S32D00014320452A82B004461FD00023019301AD09E0FDF7C6FB286000F1100560B1E3681A78452A0BD02046FFF76F
S32D00014348BDFF024600232F212046002AECD1002002B070BD0198A6620133E36002B070BD5A1C0023C2602F2181
S32D000143701A4602B0BDE87040FDF7A2BB2DE9F04F044693B0002A5CD0D0F81851002D5BD113781646502B54D816
S32D00014398DFE813F0BC091201120155056C084008E7078C008000CD08A608F408E70595066E0635060E065A020C
S32D000143C033020C02E50142091B0969095B078E008E008E005900590059005900590059005900BA00BA0059007C
S32D000143E85900900978001A08FF06A400BC06A400DD00DD00B3048E0453042C0453000504FD03CF038607530073
S32D00014410B305530053003D013D01E004DA04AD017D012E050705A803810353005A0333030C03BE0281025900B6
S32D00014438BA0159005900C4F814310123C4F8183113B0BDE8F08F0022D4F814310293D4F81031059302ABC4F801
S32D000144601431002303960493002A72D01121204602F01CF8049B002B01F02B83029BC4F81431002DE0D0C4F8EB
S32D000144881071DDE7F2681121204613B0BDE8F04F02F008B8D0F80011FF2901F090854A1C7E23C4F800216354D3
S32D000144B084F804313269EAE7D0F814E1BEF1000F3CD07246916849B950680078A0F1190CBCF1020F01F2298541
S32D000144D88342D7D01268002AF0D12BE0D0E9443102AAC0F814210022CDE90216049211213269059301F0D6FF61
S32D00014500049B002B01F0F384029BC4F814319BE7F168D0F820510B78002D41F05483052B01F0FE85232B01F00D
S32D000145282B8332789A4201F02783242B01F04686D4F814E1CDF808E002ABC4F814310023CDE90363D4F8103121
S32D000145500593F2688AE7F26812B1112101F0A6FF3369002B3FF470AFD4F80051FD2D01F2DF84DFF844832C274D
S32D0001457808F1010A4FF0000929460BE00B460131D045C4F80011E75484F8047101F0A48218F8017FFF29F1D14C
S32D000145A0D4F80831D4F80C2184F8FF9020469847D4F828310133C4F8283101210023E3E7BE4DF268112101F099
S32D000145C871FF05F10108D4F800113A274FF000090BE00B460131A845C4F80011E75484F8047101F0E78015F816
S32D000145F0017FFF29F1D1D4F80831D4F80C2184F8FF9020469847D4F828310133C4F8283101210023E3E7F2680D
S32D000146181178272941F0A483D1680D7C062D01F2B082002D41F05685D4F80011FF2901F019854B1CC4F8003107
S32D00014640282363542046112184F8043101F02EFFD4F80011FF2901F0F9844B1CC4F800312923635484F8043167
S32D0001466833783E2B01F0E884082D7FF41FAF5B212046FDF7D7FB11213269204601F012FF5D21204613B0BDE813
S32D00014690F04FFDF7CBBBF268894902A807F00AF802A807F0ADF900283FF4CEAE02ADD4F800112F184FF000083B
S32D000146B809E00B460131AF42C4F80011E65484F804613FF4BDAEFF2915F8016BF1D1D4F80831D4F80C2184F813
S32D000146E0FF8020469847D4F828310133C4F8283101210023E3E7D0F80011357BFF2901F028844B1CC4F80031C8
S32D00014708655484F804519BE66C4FF268112101F0C9FE07F10709D4F8001120254FF000080BE00B460131B9459B
S32D00014730C4F80011E55484F8045101F0258017F8015FFF29F1D1D4F80831D4F80C2184F8FF8020469847D4F88A
S32D0001475828310133C4F8283101210023E3E7584FD0F8001107F1150954254FF000080BE00B4601314F45C4F86D
S32D000147800011E55484F804513FF480AE17F8015FFF29F1D1D4F80831D4F80C2184F8FF8020469847D4F82831D2
S32D000147A80133C4F8283101210023E3E7454FD0F8001107F1120967254FF000080BE00B4601314F45C4F8001168
S32D000147D0E55484F804513FF459AE17F8015FFF29F1D1D4F80831D4F80C2184F8FF8020469847D4F82831013386
S32D000147F8C4F8283101210023E3E7334FD0F8001107F10E096A254FF000080BE00B460131B945C4F80011E554BC
S32D0001482084F804513FF432AE17F8015FFF29F1D1D4F80831D4F80C2184F8FF8020469847D4F828310133C4F8D9
S32D00014848283101210023E3E7204FD0F8001107F1190963254FF000080BE00B4601314F45C4F80011E55484F824
S32D0001487004513FF40BAE17F8015FFF29F1D1D4F80831D4F80C2184F8FF8020469847D4F828310133C4F82831D3
S32D0001489801210023E3E70E4FF268112101F002FE07F10409D4F800115B254FF000081DE034160200941402006C
S32D000148C02414020010170200A01502008C1502007C150200601502008C1402000B460131B945C4F80011E554D9
S32D000148E884F8045100F04C8717F8015FFF29F1D1D4F80831D4F80C2184F8FF8020469847D4F828310133C4F861
S32D00014910283101210023E3E7F168FDF7C5FA4FF0000810B901F0CCBC904603782F2B08F1010241F01781C368E0
S32D00014938002B01F0138100690028F1D1C246D6F80C90904603E001354545BFF679ADC4F824514A46112120462E
S32D0001496001F0A4FDAA45F2DDCB4FD4F8001107F1010B2C260AE00B460131BB45C4F80011E65484F80461E2D084
S32D0001498817F8016FFF29F2D14FF00002D4F8083184F8FF202046D4F80C219847D4F828310133C4F828310121E7
S32D000149B00023E2E7B94FD0F8001107F119096E254FF000080BE00B460131B945C4F80011E55484F804513FF4A1
S32D000149D859AD17F8015FFF29F1D1D4F80831D4F80C2184F8FF8020469847D4F828310133C4F828310121002360
S32D00014A00E3E7A74FD0F8001107F1150974254FF000080BE00B460131B945C4F80011E55484F804513FF432ADA3
S32D00014A2817F8015FFF29F1D1D4F80831D4F80C2184F8FF8020469847D4F828310133C4F8283101210023E3E74B
S32D00014A50944FD0F8001107F10D097B254FF000080BE00B4601314F45C4F80011E55484F8045100F0388717F8EF
S32D00014A78015FFF29F1D1D4F80831D4F80C2184F8FF8020469847D4F828310133C4F8283101210023E3E7824F39
S32D00014AA0D0F8001107F107097B254FF000080BE00B460131B945C4F80011E55484F8045100F0548717F8015FA2
S32D00014AC8FF29F1D1D4F80831D4F80C2184F8FF8020469847D4F828310133C4F8283101210023E3E76F4FD0F894
S32D00014AF0001107F11B0967254FF000080BE00B460131B945C4F80011E55484F804513FF4BDAC17F8015FFF2921
S32D00014B18F1D1D4F80831D4F80C2184F8FF8020469847D4F828310133C4F8283101210023E3E7D6E903753B7807
S32D00014B40322B01F02781342B41F0A084D0F80011FF2901F02F844B1CC4F800312823635484F804311121FA685C
S32D00014B68204601F09FFCD4F80011FF2901F00D8429234A1CC4F80021635484F804312A461121204613B0BDE83E
S32D00014B90F04F02F05BBDF2681121204613B0BDE8F04F02F06DBB424FD0F8001107F108096F254FF000080BE0C1
S32D00014BB80B4601314F45C4F80011E55484F8045100F0058717F8015FFF29F1D1D4F80831D4F80C2184F8FF8012
S32D00014BE020469847D4F828310133C4F8283101210023E3E72E4FD0F8001107F108096F254FF000080BE00B466E
S32D00014C0801314F45C4F80011E55484F804513FF44DAC17F8015FFF29F1D1D4F80831D4F80C2184F8FF802046FC
S32D00014C309847D4F828310133C4F8283101210023E3E7F7681B4ED7F80880D0F8001106F1070A6F254FF000091D
S32D00014C580BE00B460131B245C4F80011E55484F8045100F0EB8616F8015FFF29F1D1D4F80831D4F80C2184F8BE
S32D00014C80FF9020469847D4F828310133C4F8283101210023E3E700BF341602000016020004160200001702005C
S32D00014CA8F0160200D01602004416020038160200D6E9032512B1112101F0F4FBD4F80011FF2901F062814A1C46
S32D00014CD07B23C4F80021204663542A46112184F8043101F0E3FBD4F80011FF2900F02E864A1C7D23C4F800216F
S32D00014CF8635484F80431FFF7A3BBC54FD0F8001107F11D0974254FF000080BE00B460131B945C4F80011E55474
S32D00014D2084F804513FF4B2AB17F8015FFF29F1D1D4F80831D4F80C2184F8FF8020469847D4F828310133C4F857
S32D00014D48283101210023E3E7F268112101F0AAFBFFF7ACBBAF4FD0F8001107F10D096A254FF000080BE00B465E
S32D00014D700131B945C4F80011E55484F804513FF485AB17F8015FFF29F1D1D4F80831D4F80C2184F8FF802046F2
S32D00014D989847D4F828310133C4F8283101210023E3E79D4FD0F8001107F11C0967254FF000080BE00B4601316D
S32D00014DC0B945C4F80011E55484F804513FF45EAB17F8015FFF29F1D1D4F80831D4F80C2184F8FF80204698471C
S32D00014DE8D4F828310133C4F8283101210023E3E78A4FD0F8001107F1090964254FF000080BE00B460131B94527
S32D00014E10C4F80011E55484F8045100F0478617F8015FFF29F1D1D4F80831D4F80C2184F8FF8020469847D4F87C
S32D00014E3828310133C4F8283101210023E3E7F768D0F814910022C0F81421002F3FF4F5AA0DF10808D0F810C117
S32D00014E60434611469646C3E90027C3E902EC3A784D2A9A46A2F11C0BA2F14F0001F1010500F0638600F293847B
S32D00014E88BBF1040F40F25D86022AC4F8143114D13F693A78472A01F04D8208EB01114FF0000A4D2AA2F14F03E0
S32D00014EB0A2F11C0001F0018000F2FC87042840F2FC87042A04BFCDE900C7C4F810D132691121204601F0EAFA49
S32D00014ED83B78042B02D1009BC4F8103108EB0515202755F8086C002E00F01886103D4545F7D1C4F81491FFF797
S32D00014F00A3BA33691A783B2A7FF49BAA1B691B783C2B7FF496AA3246112102F005FC00287FF492AAD6E90383F0
S32D00014F28D3E90363D8F80C203D491068D3E9037506F0E6FB002841F0048232462046112102F080FB42462046E9
S32D00014F50112102F095F920463A46112102F076FB32492046FCF7E8FF0DE6314FD0F8001107F10C0974254FF019
S32D00014F7800080BE00B460131B945C4F80011E55484F804513FF47EAA17F8015FFF29F1D1D4F80831D4F80C210D
S32D00014FA084F8FF8020469847D4F828310133C4F8283101210023E3E71E4FD0F8001107F1100976254FF00008EC
S32D00014FC80BE00B460131B945C4F80011E55484F804513FF457AA17F8015FFF29F1D1D4F80831D4F80C2184F870
S32D00014FF0FF8020469847D4F828310133C4F8283101210023E3E70C4FD0F8001107F114096E254FF000081DE031
S32D00015018B414020080160200B0160200901602005416020058160200101502004C150200481502000B4601314F
S32D000150404F45C4F80011E55484F804513FF41EAA17F8015FFF29F1D1D4F80831D4F80C2184F8FF802046984744
S32D00015068D4F828310133C4F8283101210023E3E7C14FD0F8001107F10F0974254FF000080BE00B460131B94557
S32D00015090C4F80011E55484F804513FF4F7A917F8015FFF29F1D1D4F80831D4F80C2184F8FF8020469847D4F8E4
S32D000150B828310133C4F8283101210023E3E7AF4FD0F8001107F1110974254FF000080BE00B460131B945C4F827
S32D000150E00011E55484F804513FF4D0A917F8015FFF29F1D1D4F80831D4F80C2184F8FF8020469847D4F828311E
S32D000151080133C4F8283101210023E3E7B6F91230002B40F0EF86F268994BD168994200F022861121204601F0EC
S32D00015130BDF9D4F80031FF2B01F0A2802022591CC4F80011E25484F80421B6F91080B8F1000F40F0E5858D4E99
S32D000151585F25771D0BE00B460131B742C4F80011E55484F804513FF46BA916F8015FFF29F1D1D4F80831D4F862
S32D000151800C2184F8FF8020469847D4F828310133C4F8283101210023E3E7D0F814C1D0F8103105930DF10808CA
S32D000151A80023E146CDF808C0C0F8148103960493BCF1000F01F01E8101276546BE46B446464618E0AB68A3B974
S32D000151D0032F3FF636A912AB03EB071B95E80F00ABF1400A8AE80F004BF8406C08EB0716C4F814610137C5F885
S32D000151F808E02D6825B16B681B78193B022BE1D9DCF8102011212046664601F04BF9049BC4F81491002B7FF479
S32D0001522013A9012F0CD008EB071858F80C2C013F1121204601F068F9012FA8F11008F4D1D4F814313246112172
S32D00015248204601F08BFEFFF7FBB8D6E90353002B3FF4F6A82B44D0F80011013D5F1E4FF0000809E00B460131E7
S32D00015270AF42C4F80011E65484F804613FF4E4A8FF2915F8016FF1D1D4F80831D4F80C2184F8FF8020469847D2
S32D00015298D4F828310133C4F8283101210023E3E733691B78392B7FF4C8A8F268D3681B685978632900F0EA861F
S32D000152C032461121204602F02FFA00287FF4BCA8F3681A78322A00F0FA87DB681B681A78632A40F0D4865A789A
S32D000152E86C2A40F0D0869B78002B40F0CC863369DA681178032901F06780DA681121204602F0A0F9F268D36856
S32D000153101B681978692940F046875878782840F042879878002840F03E8720465B21FCF77DFD336920461121B2
S32D000153381A6901F0B7F85D212046FCF773FDF3681A78322A7FF47CA8DB689A68012A7FF477A85B681B783E2B3B
S32D000153607FF472A82921FFF790B9F768002F40F07684074ED0F8001106F10308742515E0341502002015020010
S32D00015388241E020024160200A01602000B460131B045C4F80011E55484F804513FF450A816F8015FFF29F1D1EC
S32D000153B0D4F80831D4F80C2184F8FF7020469847D4F828310133C4F8283101210023E3E7F268CAB1D0F8141161
S32D000153D802ABC0F814310023CDE9021604931121D0F81031059301F05DF8049B029AC4F81421002B7FF424A8C5
S32D0001540020212046FCF712FDD4F8143132461121204613B0BDE8F04F01F08EBBD0F82031002B00F0D383D14F28
S32D00015428D0F8001107F1040961254FF000080BE00B460131B945C4F80011E55484F8045100F0D88317F8015FAD
S32D00015450FF29F1D1D4F80831D4F80C2184F8FF8020469847D4F828310133C4F8283101210023E3E70023D0F89D
S32D000154784871D0F81481F268C0F81431C0F84861112101F00FF894F804313C2B00F0CE85D4F80011FF2900F0AD
S32D000154A0B9854B1CC4F800313C23635484F8043132691121204600F0F9FF94F804313E2B00F0A285D4F800114B
S32D000154C8FF2900F08D854B1CC4F800313E23635484F80431C4F81481C4F84871FEF7B0BFA14FD0F8001107F183
S32D000154F0070956254FF000080BE00B460131B945C4F80011E55484F804513EF4BFAF17F8015FFF29F1D1D4F8B3
S32D000155180831D4F80C2184F8FF8020469847D4F828310133C4F8283101210023E3E78F4FD0F8001107F10A09B3
S32D0001554076254FF000080BE00B460131B945C4F80011E55484F804513EF498AF17F8015FFF29F1D1D4F8083140
S32D00015568D4F80C2184F8FF8020469847D4F828310133C4F8283101210023E3E77C4FD0F8001107F1170963251A
S32D000155904FF000080BE00B460131B945C4F80011E55484F8045100F0728117F8015FFF29F1D1D4F80831D4F855
S32D000155B80C2184F8FF8020469847D4F828310133C4F8283101210023E3E76A4FD0F8001107F1140972254FF05D
S32D000155E000080BE00B460131B945C4F80011E55484F8045100F01F8117F8015FFF29F1D1D4F80831D4F80C216A
S32D0001560884F8FF8020469847D4F828310133C4F8283101210023E3E7574FD0F8001107F1180954254FF000085E
S32D000156300BE00B460131B945C4F80011E55484F804513EF423AF17F8015FFF29F1D1D4F80831D4F80C2184F831
S32D00015658FF8020469847D4F828310133C4F8283101210023E3E7454FD0F8001107F1100968254FF000080BE0A5
S32D000156800B460131B945C4F80011E55484F804513EF4FCAE17F8015FFF29F1D1D4F80831D4F80C2184F8FF8075
S32D000156A820469847D4F828310133C4F8283101210023E3E7F268D2E90053002B3EF4C0AE2B44D0F80011013D58
S32D000156D05F1E4FF0000809E00B460131AF42C4F80011E65484F804613EF4AEAEFF2915F8016FF1D1D4F80831A8
S32D000156F8D4F80C2184F8FF8020469847D4F828310133C4F8283101210023E3E7D6E90353002B3EF495AE2B44A9
S32D00015720D0F80011013D5F1E4FF0000809E00B460131AF42C4F80011E65484F804613EF483AEFF2915F8016F32
S32D00015748F1D1D4F80831D4F80C2184F8FF8020469847D4F828310133C4F8283101210023E3E700BFAC14020034
S32D00015770E0140200D4140200EC140200D4150200B8150200EC15020011213269204600F08DFED4F80011FF29B8
S32D0001579800F0ED824A1C5D23C4F80021635484F80431FEF74DBE012840F2CB81C4F81431FFF789BB37693B7823
S32D000157C0472B02D03A46FEF762BED1492046FCF7B3FB3A69CF49013202A805F06BFF02A806F00EF98146002833
S32D000157E800F0E58302ADD4F80011A9444FF0000809E00B460131A945C4F80011E65484F8046100F0D483FF29C9
S32D0001581015F8016BF1D1D4F80831D4F80C2184F8FF8020469847D4F828310133C4F8283101210023E3E7B84F6C
S32D0001583832691121204600F035FE07F10409D4F8001120254FF000080BE00B4601314F45C4F80011E55484F8F9
S32D0001586004513EF413AE17F8015FFF29F1D1D4F80831D4F80C2184F8FF8020469847D4F828310133C4F82831CC
S32D0001588801210023E3E7A34FF2681121204600F009FE07F10309D4F800112D254FF000080BE00B4601314F458B
S32D000158B0C4F80011E55484F804513EF4FBAD17F8015FFF29F1D1D4F80831D4F80C2184F8FF8020469847D4F8B5
S32D000158D828310133C4F8283101210023E3E7F2688A49013202A805F0E1FE02A806F084F818B302ADD4F800119F
S32D000159002F184FF0000808E00B460131AF42C4F80011E65484F8046115D0FF2915F8016BF2D1D4F80831D4F88C
S32D000159280C2184F8FF8020469847D4F828310133C4F8283101210023E4E7D4F80011FF297FF4D2A90025D4E990
S32D00015950423284F8FF5020469847D4F8283101221344C4F828312946FFF7C3B9D4F82031F2686B4F0133C4F8EE
S32D0001597820311121204600F095FDD4F82031D4F80011013BC4F8203107F1010929254FF000080AE00B4601314E
S32D000159A0B945C4F80011E55484F804511BD017F8015FFF29F2D1D4F80831D4F80C2184F8FF8020469847D4F8B4
S32D000159C828310133C4F8283101210023E4E732461121204613B0BDE8F04F01F0A3BB32694A49013202A805F0F8
S32D000159F061FE02A806F004F80028A2D002ADD4F800112F184FF0000808E00B460131AF42C4F80011E65484F8FA
S32D00015A18046194D0FF2915F8016BF2D1D4F80831D4F80C2184F8FF8020469847D4F828310133C4F82831012164
S32D00015A400023E4E77D682B78613B192B40F25B8208F1FF37EB5D202B18BF4746002F3EF4F3AC013DD4F8001191
S32D00015A682F444FF0000809E00B460131AF42C4F80011E65484F804613EF4E2ACFF2915F8016FF1D1D4F80831E4
S32D00015A90D4F80C2184F8FF8020469847D4F828310133C4F8283101210023E3E71121F268204600F0FBFCD4F88C
S32D00015AB80011FF2900F05A824A1C2923C4F80021635484F80431FEF7BBBC32461121204600F016FDFEF7CEBCC5
S32D00015AE03269D4F828610D462046112100F0DEFCD4F82831B3427EF4A7ACD4F80031AB427EF4A2AC023DC4F86E
S32D00015B080051FEF79DBC00BF9814020024140200CC15020008150200FC160200D4F80031FF2B00F04E83581CB6
S32D00015B30C4F8000155F80C2CE754112184F80471204600F0E1FCFFF7D5B9FF685246002F3EF475AC042D03F149
S32D00015B58100300F0DF812946FFF781B9D6F80C90B8F1000F3EF46CAC08F1FF3AFEF7EFBE33782F2B7EF4DCACDD
S32D00015B80D4F814E10E46FEF7D9BC072D7EF450AD3169087800287EF44BAD086901287EF447AD3D2B7EF444AD3D
S32D00015BA8CB681B78302B00F07384312B7EF43CADBA49204613B0BDE8F04FFCF7B9B90025FEF7ACBC3146FCF7AE
S32D00015BD04FF9024600283EF434AC03782F2B00F00383D4F810512B68C4F810311121204600F05CFCC4F81051D7
S32D00015BF8FEF726BCF268AA49013202A805F056FD02A805F0F9FE00283EF41AAC02ADD4F800112F184FF0000865
S32D00015C2009E00B460131BD42C4F80011E65484F804613EF409ACFF2915F8016BF1D1D4F80831D4F80C2184F83E
S32D00015C48FF8020469847D4F828310133C4F8283101210023E3E7934ED0F8001106F105097B254FF000080AE05C
S32D00015C700B460131B145C4F80011E55484F8045113D016F8015FFF29F2D1D4F80831D4F80C2184F8FF8020461A
S32D00015C989847D4F828310133C4F8283101210023E4E77F493A4602A805F000FD02A805F0A3FE18B302ADD4F816
S32D00015CC000112F184FF0000808E00B460131AF42C4F80011E65484F8046115D0FF2915F8016BF2D1D4F8083184
S32D00015CE8D4F80C2184F8FF8020469847D4F828310133C4F8283101210023E4E7D4F80011FF2900F0CB827D23F4
S32D00015D104A1CC4F80021635484F80431FEF794BB634D5F266F1D4FF000080BE00B460131AF42C4F80011E65407
S32D00015D3884F804613EF484AB15F8016FFF29F1D1D4F80831D4F80C2184F8FF8020469847D4F828310133C4F840
S32D00015D60283101210023E3E70025FEF761BCD4F80011FFF7EAB90025D4E9423284F8FF5020469847D4F8283174
S32D00015D8801221344C4F82831294604E5FB681E683378612B40F0C3807278642A40F0BF80B278002A40F0BB80CC
S32D00015DB02A78032A00F0E282392A00F01783732B1DD172785A2A41D196F80280B8F1000F3CD129462046FCF70B
S32D00015DD867F830B908E0C36833B1006908F1010810B103782F2BF6D04146204613B0BDE8F04FFCF701B93A46D5
S32D00015E001121204601F03CFA3378672B07D17278732A04D1B27812B92A46FEF738BB732B7EF4B1AE7378742BFD
S32D00015E287EF4ADAEB378002B7EF4A9AE28212046FBF7F8FF11212A46204600F033FB2921FEF71FBC732BD6D142
S32D00015E507378502BD3D1B378002BD0D11E4604E001362D69002D00F0CC812B782F2B40F0C881EB68002B00F0BF
S32D00015E78C4811A784B2AEFD1D9682046FCF710F8024648B1002204E0C16829B10069013210B101782F29F7D00E
S32D00015EA01644DEE77816020024140200A81602002C160200012B3FF60AA8042D3EF4C1AA8E4601F1100B0FC94C
S32D00015EC88BE80F00CEE9017AFF68CEF810E00135CEF80CC05946C4F814B1002F3EF4ADAA3A78FEF7DEBF32467E
S32D00015EF01121204600F008FBFEF706BBCA49FCF71BF8FFF70CB9FF2900F009824B1CC4F800312023635484F801
S32D00015F18043199E50123C4E945A3FEF791BA2A7846E70D46FEF706BB002767552946D4E9423220469847D4F842
S32D00015F402831C4F800710133C4F828313D46FEF710BB0026D0F80831D0F80C2180F8FF609847D4F82821012315
S32D00015F681A44C4F828213146FEF7C8BB0025D4E9423284F8FF5020469847D4F8283101221344C4F8283129462F
S32D00015F9097E50026D4F80831D4F80C2184F8FF6020469847D4F8283101221344C4F828313146FEF78DBE9D49D1
S32D00015FB82046FBF7BDFFFF683A46FEF764BA0025D0F80831D0F80C2180F8FF509847D4F8283101221344C4F890
S32D00015FE028312946FEF760BA0025D4E9423284F8FF5020469847D4F828310133C4F8283129460123FFF764BA40
S32D0001600820212046FBF70EFFFFF758BA0025D4E9423284F8FF5020469847D4F828310133C4F828312946012354
S32D00016030FFF738BA20212046FBF7F8FEFFF72CBA2D212046FBF7F2FEFEF712BB0027D4E9423284F8FF702046ED
S32D000160589847D4F828310133C4F8283139460123FEF7F8BA0027D4E9423284F8FF7020469847D4F82831F2687B
S32D000160800133C4F8283139460123FEF7D7BA3369FFF737B91B78A3F16301012903D9723B012B3FF60DA9112176
S32D000160A8204601F0E9F83C212046FBF7BBFE33691121DA68204600F0F5F95B492046FBF737FF336911211A694C
S32D000160D0204600F0EBF92921FEF7D7BA3169097800297EF4A5AA3E2B00F0C281326911212046023D00F0DAF9C1
S32D000160F8042D3EF6A5A9DFE805F00C09070503004A4956E54A4954E54A4952E56C21FEF7B8BA7521FEF7B5BA94
S32D00016120D0F834C1BCF1000F40F37481D0F830E12B46704604E0634500F1080000F06A815EF83320914203F1DF
S32D000161480103F4D1D4F82CC16346BCF1000F04D1CAE05B68002B00F0C7801A688A4203D0B242F6D19C45F4D01C
S32D000161702046FBF77DFE014600283EF462A90B782F2B7EF4CFA9D4F82431002BFFF6F4AC08461946FBF7E4FD59
S32D000161980146002800F06C810378FEF7BFB9632900F0B0801121204601F066F8336911211A69204601F046FA29
S32D000161C0FFF7C1B8CA68FEF743B919462046D4E9423284F8FF609847D4F8282101323346C4F828210120A3E400
S32D000161E8D4F824110029FFF6F8ACFBF7B5FD024600287FF4F2ACFEF720B90F49324602A805F054FA02A805F076
S32D00016210F7FB074600283EF417A902ADD4F800112F444FF0000817E01C160200A8140200501602006C160200EB
S32D000162386816020064160200241402000B460131AF42C4F80011E65484F804613EF4F8A8FF2915F8016BF1D170
S32D00016260D4F80831D4F80C2184F8FF8020469847D4F828310133C4F8283101210023E3E70025D4F80C2184F8BA
S32D00016288FF5019462046D4F808319847D4F8282101322B46C4F82821FEF74CBF0025D4E9423284F8FF502046AA
S32D000162B09847D4F8283101332946C4F8283126E51121F268204601F0C1F9754975E4DA68916801297FF401A8C3
S32D000162D8526812783E2A7EF4FCAF28212046FBF7A1FDF368FEF7F5BF4368D4F81071C4F810312046FBF7B8FD89
S32D000163000146002800F0BB80012538E759786C297FF44CAF9B78002B3FF44CAF46E70026D4E9423284F8FF60F0
S32D0001632820469847D4F828317D680133C4F828313146E7E5FF68002F3EF47FA83A78FEF7ACBD56492046FBF775
S32D00016350F3FDF36843B111212046324601F076F920212046FBF762FD3A461121204600F09DF8002D7EF407AC88
S32D00016378FEF766B8EA68117801297FF41CAD29690978292908BF154615E50026D4F80831D4F80C2184F8FF6022
S32D000163A020469847D4F8283101333146C4F82831FEF7E2BB0026D0E9423280F8FF609847D4F828310133314639
S32D000163C8C4F82831FEF7C3BB1369D2681B78292B1CBF0123C4F818311121204601F032F9FEF790BFEA68112101
S32D000163F0204601F02BF93A46FEF7CEBB3269112100F054F8049BC4F81491002B3EF418AFFEF71AB8D4F83831DC
S32D0001641863457EF712A8D4F83021D4F810E102EBCC030CF10100C4F83401043342F83C10BEF1000F23D0D4E9CE
S32D00016440502C11E0D4F83C01DEF8048000EBC2000132C4F84021C0F804801860DEF800E00346BEF1000F0ED011
S32D000164686245EBDBFDF7E9BF2D21FBF7DBFC39E6002D3DF4E2AFC4F81071FDF7DEBF00221A6071E63A46112164
S32D0001649000F0F6FEFEF777BB0349FFF78EBB00BF9C1602005C1602007016020030B5054683B01AB35368012BC1
S32D000164B814461FDCD0F81C11B1F5806F1ADC013353600131D0F82C31C0F81C11C0F82CD11121CDE90023FDF709
S32D000164E04DFF6268D5F81C310199C5F82C11013A013B6260C5F81C3103B030BD0123C5F8183103B030BD00BF5D
S32D000165082DE9F8431378033B154604464D2B4FD8DFE813F019014E004E004E004E004E004E004E004E004E0064
S32D000165304E004E004E004E004E004E004E004E004E004E004E004E0053007A00A10053007A00A100ED00FA00D1
S32D00016558070183021E012C01510177014E004E004E004E009D014E00CD014E004E004E004E004E004E004E005D
S32D000165804E004E004E004E004E004E004E004E004E004E004E004E004E004E004E004E004E004E004E004E00D4
S32D000165A84E004E004E004E00F4014E003002C6002A461121BDE8F84374E7D54ED0F8001106F1080720254FF0EE
S32D000165D000080BE00B460131B742C4F80011E55484F8045100F0C48016F8015FFF29F1D1D4F80831D4F80C21CC
S32D000165F884F8FF8020469847D4F828310133C4F8283101210023E3E7C24ED0F8001106F1080720254FF000083C
S32D000166200BE00B460131B742C4F80011E55484F8045100F09D8016F8015FFF29F1D1D4F80831D4F80C2184F82E
S32D00016648FF8020469847D4F828310133C4F8283101210023E3E7B04ED0F80011771D20254FF000080AE00B46B0
S32D000166700131BE42C4F80011E55484F8045177D016F8015FFF29F2D1D4F80831D4F80C2184F8FF802046984714
S32D00016698D4F828310133C4F8283101210023E4E79E4FD0F8001107F1050920264FF000080BE00B460131B94590
S32D000166C0C4F80011E65484F8046100F07D8117F8016FFF29F1D1D4F80831D4F80C2184F8FF8020469847D4F862
S32D000166E828310133C4F8283101210023E3E7D0F80031FF2B00F0CE812022591CC0F80011C25480F8042125E038
S32D00016710D0F80031FF2B00F0B281591C2022C4F80011E25484F8042126E0D0F80011FF2900F095814A1C202303
S32D00016738C4F80021635484F804312A6920461121BDE8F843AEE6EA681121BDE8F843A9E6D0F80011FF2900F06A
S32D00016760BC814A1C2623C4F80021635484F80431BDE8F883D0F800116B4D26266F1C4FF000080AE00B4601319D
S32D00016788BD42C4F80011E65484F80461ECD015F8016FFF29F2D1D4F80831D4F80C2184F8FF8020469847D4F8CD
S32D000167B028310133C4F8283101210023E4E75B4ED0F8001106F1080720254FF000080AE00B460131BE42C4F8CB
S32D000167D80011E55484F80451C6D016F8015FFF29F2D1D4F80831D4F80C2184F8FF8020469847D4F828310133F1
S32D00016800C4F8283101210023E4E7494ED0F8001106F10A0720254FF000080AE00B460131BE42C4F80011E554CD
S32D0001682884F80451A0D016F8015FFF29F2D1D4F80831D4F80C2184F8FF8020469847D4F828310133C4F82831FB
S32D0001685001210023E4E790F80431282B40F0D580344EEA6811212046FFF720FEB71CD4F800113A254FF000089E
S32D000168780BE00B460131B742C4F80011E55484F804513FF471AF16F8015FFF29F1D1D4F80831D4F80C2184F88E
S32D000168A0FF8020469847D4F828310133C4F8283101210023E3E7204FD0F8001107F1090920264FF000080BE0BE
S32D000168C80B460131B945C4F80011E65484F8046100F0858017F8016FFF29F1D1D4F80831D4F80C2184F8FF80E1
S32D000168F020469847D4F828310133C4F8283101210023E3E70D4ED0F8001106F1100720254FF0000820E000BF2A
S32D000169181C17020028170200341702005C17020064170200681702007417020080170200841702003C17020002
S32D000169400B460131B742C4F80011E55484F804513FF40EAF16F8015FFF29F1D1D4F80831D4F80C2184F8FF8094
S32D0001696820469847D4F828310133C4F8283101210023E3E76D4FD0F8001107F1080920264FF000080AE00B46D8
S32D0001699001314F45C4F80011E65484F8046113D017F8016FFF29F2D1D4F80831D4F80C2184F8FF80204698479F
S32D000169B8D4F828310133C4F8283101210023E4E72A69002A3FF4D0AEFF2932D0481C2823C4F800016354112145
S32D000169E084F8043101E0EA6811212046FFF75EFDD4F80011FF2961D04A1C2923C4F80021635484F80431BDE8E9
S32D00016A08F883D0F80011FF2972D04A1C2023C4F80021635484F804311EE7D0F80011FF2976D04A1C2A23C4F8F8
S32D00016A300021635484F804319AE60026D4F80831D4F80C2184F8FF6020469847D4F828312A690133C4F82831E9
S32D00016A5801203146BBE70026D0F80831D0F80C2180F8FF609847D4F8283101221344C4F8283131465BE6002572
S32D00016A80194680F8FF50D0E942329847D4F8283101210B44C4F828312B463FE60021D0E9425280F8FF10194620
S32D00016AA8A847D4F8283120220133C4F828312270012152E60025D4E9423284F8FF5020469847D4F82831012286
S32D00016AD01344C4F8283129468FE70025D4E9423284F8FF5020469847D4F8283101221344C4F82831294635E6A2
S32D00016AF80026D0F80831D0F80C2180F8FF609847D4F8283101221344C4F8283131467DE70025D0E9423280F844
S32D00016B20FF509847D4F8283101221344C4F8283129467BE7501702002DE9F843044616461D46002B64D09A686F
S32D00016B48002A61D15A6811781939122959D8DFE801F00A0A0A58585858580A8080800A0A585858580A0094F897
S32D00016B700431202B79D1D4F80011FF2900F083804B1C4FF02808C4F8003104F801804FF00009D4F8147184F8DF
S32D00016B9804812A46C4F814914B461121204600F0B9F8D4F80021FF2A00F08880511C2923FF29C4F80011A354FB
S32D00016BC084F8043132D028224B1CC4F80031625484F8042132692AB111212046FFF766FCD4F80031FF2B5DD044
S32D00016BE85A1CC4F800212922E254112184F8042101232A46204600F08DF8C4F81471BDE8F8831B68002B9AD1EE
S32D00016C100023D4F81471C4F8143111212A46204600F07CF8D4F80011FF29CCD1002384F8FF302046D4E942326D
S32D00016C3898472822D4F82831227084F8042101333269C4F828310123C4F80031002ABFD1C6E794F8043103F09C
S32D00016C60FD02282A87D0202B85D0D4F80031FF2B41D0591C2022FF29C4F80011E25484F804217FF47DAF00273C
S32D00016C88D4E9423284F8FF7020469847D4F828310133C4F82831394601236EE70026194684F8FF60D4E9423285
S32D00016CB020469847D4F828210132C4F828213346012292E7114684F8FF90D4E942322046984742F6290323802F
S32D00016CD8D4F8283184F8048132690133C4F828310223C4F80031002A7FF472AF78E70022194684F8FF20D4F86C
S32D00016D000871D4F80C212046B847D4F8283120220133C4F828312270012131E7002A00F0C2802DE9F04705461D
S32D00016D2888B01E4614460127D5F81821CAB9A2680ABB62681178BEB1E368D5F81081A7602929C5F8103124D010
S32D00016D502A292CD0022934D011212846FFF7D4FB2468C5F81081002CE2D108B0BDE8F0874D2904D007D8A1F1E9
S32D00016D781C03042BE0D82468002CD5D1F1E74F390129F8D9E368D5F81081A760C5F81031DEE72368112128468F
S32D00016DA0FFF7CAFEC5F8108108B0BDE8F08723681121284600F0D6F8C5F8108108B0BDE8F087644ED5F81471D5
S32D00016DC8D2684FF000091121C5F814912846FFF769FB06F1010AC5F81471D5F800113A270AE00B460131564533
S32D00016DF0C5F80011EF5485F8047113D016F8017FFF29F2D1D5F80831D5F80C2185F8FF9028469847D5F8283196
S32D00016E180133C5F8283101210023E4E763681C692378472B17D04D2BA3F14F02A3F11C010ED00BD804290BD9CD
S32D00016E40224611212846FFF731FBC5F8108108B0BDE8F087012AF3D8E4682378E7E73E4F7B2607F10C0A4FF0B1
S32D00016E6800090AE00B4601315745C5F80011EE5485F8046114D017F8016FFF29F2D1D5F80831D5F80C2185F82C
S32D00016E90FF9028469847D5F828310133C5F8283101210023E4E7704722692C49013201A804F000FC01A804F057
S32D00016EB8A3FD824618B301AED5F80011B2444FF0000908E00B4601315645C5F80011EF5485F8047115D0FF2997
S32D00016EE016F8017BF2D1D5F80831D5F80C2185F8FF9028469847D5F828310133C5F8283101210023E4E7D5F890
S32D00016F080011154F7D2607F1020A4FF000090AE00B460131BA45C5F80011EE5485F8046196D017F8016FFF298B
S32D00016F30F2D1D5F80831D5F80C2185F8FF9028469847D5F828310133C5F8283101210023E4E700BF941402002D
S32D00016F589814020024140200A81402002DE9F0470446174653B11E469D687DB31B68002BFAD13246112120464A
S32D00016F80FFF7CCFED4F80031FF2B00F09D80591C2022FF29C4F80011E25484F8042127D05B224B1CC4F80031A3
S32D00016FA8625484F80421FA682AB111212046FFF779FAD4F80031FF2B2FD0591C5D22C4F80011E25484F8042167
S32D00016FD0BDE8F0875B681B782A2B32D111212B4632462046FFF79AFED4F80011FF29D7D10022D4F8083184F869
S32D00016FF8FF202046D4F80C2198475B22D4F82831227084F80421FA68591C0123C4F82811C4F80031002AC8D198
S32D00017020CFE70025194684F8FF50D4E9423220469847D4F8283101210B44C4F828312B46C0E7DFF8E480D4F8FC
S32D0001704800114FF0200908F1010A0CE00B46D04501F10101C4F8001104F8039084F804911AD018F8019FFF2927
S32D00017070F0D1D4F80831D4F80C2184F8FF5020469847D4F828310133C4F8283100230121D045C4F8001104F891
S32D00017098039084F80491E4D11121002332462046FFF738FED4F80011FF2926D04B1C2922FF2BC4F80031625497
S32D000170C084F804217FF463AF0022194684F8FF20D4F80851D4F80C212046A847D4F828315B2245F6203121801D
S32D000170E884F80421FA680133C4F828310223C4F80031002A7FF459AF5FE70022D4F8083184F8FF202046D4F83C
S32D000171100C219847D4F8283129220133C4F828312270012333E700BF9816020070B5D0F8483182B0044615460F
S32D000171382BB1D0F810210092C0F810D10193EA681378042B0BD011212046FFF7ABF9D4F8483113B1009BC4F81B
S32D00017160103102B070BDD26811212046FFF79EF9D4F8483113B1009BC4F8103194F804313C2B21D0D4F80011EA
S32D00017188FF2944D04A1C3C23C4F80021635484F80431EB6811211A692046FFF783F994F804313E2B27D0D4F8C5
S32D000171B00011FF2914D04A1C3E23C4F80021635484F8043102B070BDD4F80031FF2B33D02022591CC4F80011FA
S32D000171D8E25484F80421D3E70025D4E9423284F8FF5020469847D4F8283101221344C4F828312946DCE7D4F8DF
S32D000172000031FF2B2BD02022591CC4F80011E25484F80421CDE70026D4F80831D4F80C2184F8FF6020469847B6
S32D00017228D4F8283101221344C4F828313146AAE70022194684F8FF20D4F80861D4F80C212046B047D4F82831AF
S32D0001725020220133C4F828312270012196E70021D4E9425284F8FF1020461946A847D4F8283120220133C4F84B
S32D000172782831227001219AE71178322902D01121FFF710B9D3682DE9F041D3E9015767B32F44D0F8001104466C
S32D000172A0013D013F4FF0000809E00B46BD4201F10101C4F80011E65484F8046119D0FF2915F8016FF1D1D4F8C9
S32D000172C80831D4F80C2184F8FF8020469847D4F828310133C4F8283100230121BD42C4F80011E65484F804618B
S32D000172F0E5D1BDE8F08100BF2DE9F047E4B090F80090B9F15F0F00AF04460E46904600F0F680C04908222046B1
S32D0001731804F0E0FB48B9237A2E2B00F0DB805F2B00F0D880242B00F0D5804FF0000A204604F062FB23184FEA5B
S32D00017340400C0021FB60BCF5006F4FF01103C7E90C11C7E90E11BC607C61F862F961B96239643B61C7F820C0A7
S32D0001736800F2B280820000EB80036D46D01DA5EBC3039D4620F007006A46BAF1010FADEB000DBA61C7F824D014
S32D0001739000F0BC80AAF10203012B00F2BD80E37ABAF1020F08BF4FF0440904F10B0A18BF4FF045095F2BC7F884
S32D000173B814A003D1237B5A2B00F02A81BCF1000F40F3AE8050467A6004F016FB7A6800230121C2E90133F9616E
S32D000173E0002800F0A180C2E903A013704946002307F10800FAF764FB7C698146204604F0FFFA23187B61235CDD
S32D00017408002B40F08280B9F1000F7ED007F1440449462046C4E94433C4E94933C4E94633C4E94B33C4E94D33F1
S32D00017430C4E94F337B60C4F8003184F80431C4F82031C4F84431C4F80861C4F80C81FAF7F9FBD4F81C21D4F81F
S32D000174583811B2F5006FBCBF7B68C4F81C31D4F84431012901FB03F3E846B8BF0121A8EBC101012B8D46C4F80B
S32D0001748044316846B8BF0123A0EBC3039D4600264A46C4F8301120461121C4F83CD1C4F84861FFF703F8D4F8B5
S32D000174A80011D4F808316654C5462046D4F80C219847D4F81801B0FA80F04009AD4607F5C877BD46BDE8F08707
S32D000174D0084607F5C877BD46BDE8F087637A442B02D0492B7FF425AFA27A5F2A7FF421AF492B0CBF4FF0020A9A
S32D000174F84FF0030A1BE743785A2B7FF406AF4FF0010A14E7B9F15F0F0CD00020AD46D6E707F10800FAF75AFF5C
S32D000175207B6981461B786FE700225FE763785A2BEFD1A3780234472B7C6100F08180542B7ED0514607F108002B
S32D00017548FCF728F881463B69DB0772D579690B782E2B7FF455AF00244B78A3F16102192A48D95F2B46D0303BEB
S32D00017570092B62D808780B462E2818D193F801C0ACF1300CBCF1090F11D893F802C0ACF13002092A03F1020353
S32D0001759806D813F801CFACF1300EBEF1090FF8D9BCF12E0FE6D0D7E9072082427B61A3EB010C1DDAB86902EBD1
S32D000175C0820E00EB8E030132BCF1000FC3E90144FA6111DDC3E9014400F82E40C3E9031C4A464E2107F1080046
S32D000175E8FAF76AFA79690B782E2B8146B4D007E70023F1E78A1C134612F8010BA0F1610CBCF1190FF7D95F28EE
S32D00017610F5D0B1E728140200637B0D34472B7C6107F1080005D0542B03D0FBF7B7FF0246DCE6FCF731F8024605
S32D00017638D8E67B691B78E3E607F10800FCF728F8814680E770B51378012B82B01546044603D9312B01D0062BF7
S32D0001766038D101266B68012B22DCD4F81C21B2F5806F1DDC013301326B601121D4F82C31C4F81C21C4F82CD1F7
S32D000176882A46204601930095FCF774FE6A68D4F81C310199C4F82C11013A013B6A60C4F81C3136B102B070BDE1
S32D000176B00123C4F81831002EF8D1D4F80011FF2915D04A1C2923C4F80021635484F8043102B070BDD0F80011F2
S32D000176D8FF2916D04A1C2823C4F800210026635484F80431BAE7D4E9423284F8FF6020469847D4F8283101221F
S32D000177001344C4F828313146DCE70026D0E9423280F8FF609847D4F8283101221344C4F828313146DBE700BFFF
S32D000177282DE9F84FD368DB681B681978662978D11269D0F82471D2E9038A9AF800203C2A4FF0FF3208BFDAE939
S32D0001775003A9C0F824215B7818BF4FF000096C2B044600F0A28063D84C2B01D0522B57D1D4F80011FF2900F05F
S32D00017778EB804B1CC4F8003128236354524684F8043111212046784EFFF75CFF112142462046FFF771FD06F1AE
S32D000177A0020BD4F800112E254FF0000A0BE00B46B34501F10101C4F80011E55484F8045119D016F8015FFF29B6
S32D000177C8F1D1D4F80831D4F80C2184F8FFA020469847D4F828310133C4F8283100230121B345C4F80011E554C1
S32D000177F084F80451E5D1424611212046FFF740FD4A4611212046FFF721FFD4F80011FF297FD04A1C2923C4F890
S32D000178180021635484F80431C4F824710120BDE8F88F0020BDE8F88F722BF5D1D0F80011FF297BD04B1CC4F8FC
S32D00017840003128236354524684F8043111212046484EFFF7FBFE424611212046FFF710FD06F10309D4F800117D
S32D000178682E254FF000080AE00B4601314E45C4F80011E55484F80451CED016F8015FFF29F2D1D4F80831D4F8B8
S32D000178900C2184F8FF8020469847D4F828310133C4F8283101210023E4E7334DD0F80011282605F1030B4FF0F4
S32D000178B800090BE00B46AB4501F10101C4F80011E65484F8046119D015F8016FFF29F1D1D4F80831D4F80C2142
S32D000178E084F8FF9020469847D4F828310133C4F8283100230121AB45C4F80011E65484F80461E5D1424611212E
S32D000179082046FFF7B9FC524677E70025D4F80831D4F80C2184F8FF5020469847D4F8283101221344C4F8283162
S32D0001793029466FE70025D0E9423280F8FF509847D4F828310133C4F828312946012376E70025D4E9423284F83B
S32D00017958FF5020469847D4F828310133C4F828312946012306E700BF9C16020098170200901702002DE9F0416A
S32D000179801E4684B0002840D00C46154609B1002A3BD0002329496A46CDE90033CDE90233FFF7AAFC002839D086
S32D000179A8039B009FD3B9DDF80880002F3CD02CB3384604F021F82B68984219D23946421C204603F075FA38466A
S32D000179D002F036FF27460EB100233360384604B0BDE8F0814FF00108002FE4D18EB14FF0FF3333600027F1E7C9
S32D000179F8204602F021FFC5F80080E8E7002DFAD1E5E716B16FF0020333600027384604B0BDE8F081009802F061
S32D00017A200FFF002EF5D06FF0010333600027D5E7002EEED0B8F1010FD9D0F4E7851D010060B108B539B1FFF7E3
S32D00017A4857FC002814BF00206FF0010008BD6FF0020008BD6FF00200704700BF1EB400F08FF81EBC02F05CFA14
S32D00017A70F0B50278472A83B00C461D4619D00023264E0193336830469B68984778B1019B1B68019302272368D8
S32D00017A98314620461E6901AA0123B04718BB0746384603B0F0BD0127F1E743784E2BE2D18378552BDFD1C3784A
S32D00017AC0432BDCD10379462B1BD00379432BD6D143792B2BD3D183792B2BD0D1C379012BCDD809D050F8206CB0
S32D00017AE858300190CAE7019B2B60384603B0F0BD50F8200C50F8786CF3E743794F2BE0D18379522BDDD1C379DC
S32D00017B10002BDAD1024E0193B4E700BF241202001C12020010B5044600F08EF9224612F82039472B04D0836848
S32D00017B3823BB8260012010BD63784E2BF7D1A378552BF4D1E378432BF1D12379432BEED163792B2BEBD1A37996
S32D00017B602B2BE8D1E379012BE5D854F8043C0133012B44F8043CE1D1836844F8083C8260012010BDF9F720FD40
S32D00017B8808B500F05DF9836883B393F82020472A04D00022826003F1200008BD93F821204E2AF6D193F82220E5
S32D00017BB0552AF2D193F82320432AEED193F82420432AEAD193F825202B2AE6D193F826202B2AE2D193F82720EC
S32D00017BD8012ADED8DA69013ADA61002ADBD19969816000229A6103F1200008BDF9F7E8FC0378472B01D0002083
S32D00017C00704743784E2BFAD18378552BF7D1C378432BF4D10379432BF1D143792B2BEED183792B2BEBD1C0792A
S32D00017C2801288CBF00200120704700BF10B530B1044600F07DF82046FFF7DAFF08B9F9F7BFFC54F8140CF9F7B0
S32D00017C50A7FC00BF2DE9F04F85B00246FFF7CCFF38B152E90674D2E90C85D2F828A0002605E0044607460126CB
S32D00017C78054680468246104600F05AF80EB1F9F7ADFC3846F9F7A6FC00F052F80EB1F9F797FC00F0D1F8076860
S32D00017CA0DFF888B097F82730012B0CBF3B6807F17803029328F00303019320374FF00009CA4520DDD5F8008074
S32D00017CC8B8F1000F00D0A84402AB002241463846FFF7CAFE08B1F9F703FDD8F80030039003AA40465946D3F8AE
S32D00017CF010800123C047019B002818BF064609F101091D44DCE746B10420F9F7FDFB084B084A06490360F9F751
S32D00017D18CDFC2046F9F740FC00F048F800F046F8FFF79CFE2C120200B01202008515010038B5044600F084F8B1
S32D00017D402246056812F82039472B03D085BB0260284638BD63784E2BF8D1A378552BF5D1E378432BF2D12379EC
S32D00017D68432BEFD163792B2BECD1A3792B2BE9D1E379012BE6D854F80C3C002B11DB013344F80C3C4368013B13
S32D00017D904360954218BF44F8105C656A18BF0260204601F003FD284638BDC3F10103EBE7F9F70AFC08B500F0DC
S32D00017DB843F803687BB393F82020472A07D00022026003F12000BDE8084001F0EDBC93F821204E2AF3D193F803
S32D00017DE02220552AEFD193F82320432AEBD193F82420432AE7D193F825202B2AE3D193F826202B2ADFD193F8CE
S32D00017E082720012ADBD85A69002A05DB013A08D0511C0ED05A6108BD0132FBD119690160F8E71A69026003F1E1
S32D00017E302000BDE8084001F0BBBCF9F7C5FB00BF00487047FC1A002000487047FC1A0020502870B51DD0844681
S32D00017E5800F00F000C2855D8DFE800F0074426071E545454542A22071E00104650F8046B4EB10CF07004102CD5
S32D00017E8008BF11460E441CF0800F18BF36681E6070BD033222F0030050F8046B1E6070BD104650F8086BE7E71D
S32D00017EA8104630F9026BE3E7104630F8026BDFE700261046344610F8015B05F07F0E0EFA04FE15F0800F46EA9A
S32D00017ED00E0604F10704F2D11F2CCDD86D06CBD54FF0FF3505FA04F42643C6E700261046344610F8015B05F0DA
S32D00017EF87F0E0EFA04FE2D0646EA0E0604F10704F3D4B5E702F002FAFF2808B5034619D003F07002302A0846D9
S32D00017F2016D005D8202A09D1BDE8084002F0EFB9402A09D1BDE8084002F0D6B902D813F0600F03D002F0E6F922
S32D00017F48502AFBD1002008BDBDE8084002F0D8B9F8B50C461546064608B102F0C1F9286014F8017BFF2F29D12C
S32D00017F706860204610F8013B2B75FF2B33D0102300242B75224610F8011B01F07F039340090644EA030402F1A3
S32D00017F980702F4D40444EC6010F8013B6B750024224610F8011B01F07F0393401C430B0602F10702F5D40444BE
S32D00017FC02C61F8BD31463846FFF7A2FF224601462B1D3846FFF73CFF0446204610F8013B2B75FF2BCBD10023A1
S32D00017FE8EB60D9E72DE9F04F00F0030493B00023012C08938846174613D0022C08D13946404602F057F940B990
S32D00018010082013B0BDE8F08F002C00F0948002F079F9092013B0BDE8F08F0DF1300A10F00804CDF800A000F0F5
S32D000180389D8044F0020202920C910C221946384601F0DEFB384602F051F983460028D6D0524601463846FFF71A
S32D000180607BFF394605469DF84400FFF751FF0DF12C0900230E901946CDF800900F22384601F09CFB0B9B23F0F6
S32D0001808801035E1E109B9D4237D29DF8454000212046FFF739FF2A46014609AB2046FFF7D3FE9DF845500446DB
S32D000180B000212846FFF72CFF224601460AAB2846FFF7C6FE9DF84550044600212846FFF71FFF224601464B460E
S32D000180D82846FFF7B9FE00240546224615F8011B01F07F0393401C430B0602F10702F5D40C9B099A1344B3424D
S32D0001810019D9029BD80730D50024039400231946CDF8009038460D22089D01F04FFB039BC8F830300B9BC8F89A
S32D000181282CB0C8E909540620C8F820306DE70A9A1344B3426ED8109BAB42A6D8DDE702073FF55DAF01230293A2
S32D000181500DF1300A0023CDF800A00C2219463846CDF8308001F050FB70E7029B1A0752D5F9F72AFA0D6A234654
S32D000181780D222146384601F01DFB0C9B9D4202D002230293E2E72346CDF800A021460C223846CDF8308001F099
S32D000181A033FBD8F830300393ABB3D8E90A4B0DF12C09002C4EDB032500231A461946CDF800903846CDF82C8072
S32D000181C801F01EFB002319460122CDF8009038460B9401F015FB002319460F22CDF80090384601F0E7FA0B9A69
S32D000181F00399CDF8009002F001020A4300230B9238460F22194601F0FFFA022D1DD0072013B0BDE8F08F4046C5
S32D00018218FFF70CFD0B9B002B3FF4F1AE0D9A13440393002C38D1002B3FF4E9AE029BDD073FF5E5AE029B1B07D0
S32D0001824040F1238100240225B6E74046FFF76AFC0720DEE66FF040431B1B1E46524659463846FFF779FE9DF852
S32D0001826844003946FFF750FE0E9005460F9850F8263000EB860033B10246002352F8041F01330029FAD1C8E9AC
S32D000182900A350423C8F83400C8F8303003258BE7109E039B013C2644002B3FF4ACAE029B002E00F0E28013F0E0
S32D000182B80803049300F0C980472388F800304E2388F80130552388F80230432388F80330462388F804304F23AE
S32D000182E088F80530522388F80630002388F807300023CDF818B005979B46CDF81CA00024224616F8011B01F060
S32D000183087F039340080644EA030402F10702F4D41F2A05D84B0603D5012393405B421C43002530462A4610F895
S32D00018330011B01F07F0393400F0645EA030502F10702F4D41F2A05D8490603D5012393405B421D43002C37D038
S32D0001835839DCB8F1000F02D0049B002B50D06FF0404A0F9BAAEB040A53F82A30BBB1002D75D02E44BFE7A300F9
S32D000183805B420F9A0E991A444B46FFF761FD0B9949B1B8F1000FEED008AB00224046FFF767FB0028E7D0029B5B
S32D000183A8DDF81CA0D907DDE9057B3FF5ABAE049B002B3FF4FAAE002CBFF6F9AEF9F70EF94FF0010BD3E79DF8A4
S32D000183D04400FF2831D000F00703042B3FF61FAE01A252F823F000BF7F8301001F800100038401007F830100FA
S32D000183F8FD830100E3005B42BFE763005B42BCE76FF0404A0F9F089B0B93AAEB040A57F82A1007EB8A0719B9B3
S32D000184200DE057F8041F51B139444B4600224046FFF71EFB0028F4D09DE70023A1E7029BDA075646DDE9057B8C
S32D00018448DDF81CA03FF55EAE04E798F80730012B0CBF58F8203C08F15803089344E75B46059F002B3FF4CBADAA
S32D00018470029BDB073FF5C7ADE4E6DE073FF5C3AD029B13F008047FF4DDAE022594E6FFF753FC6DE608B5FFF7CD
S32D00018498D7FC006830B190F82730012B04BF00687838006808BD00BF81F0004102E000BF83F0004330B54FEAA0
S32D000184C041044FEA430594EA050F08BF90EA020F1FBF54EA000C55EA020C7FEA645C7FEA655C00F0E2804FEA90
S32D000184E85454D4EB5555B8BF6D420CDD2C4480EA020281EA030382EA000083EA010180EA020281EA0303362DD9
S32D0001851088BF30BD11F0004F4FEA01314FF4801C4CEA113102D0404261EB410113F0004F4FEA03334CEA1333D7
S32D0001853802D0524263EB430394EA050F00F0A780A4F10104D5F1200E0DDB02FA0EFC22FA05F2801841F1000117
S32D0001856003FA0EF2801843FA05F359410EE0A5F120050EF1200E012A03FA0EFC28BF4CF0020C43FA05F3C01842
S32D0001858851EBE37101F0004507D54FF0000EDCF1000C7EEB00006EEB0101B1F5801F1BD3B1F5001F0CD3490810
S32D000185B05FEA30004FEA3C0C04F101044FEA445212F5800F80F09A80BCF1004F08BF5FEA500C50F1000041EBE4
S32D000185D8045141EA050130BD5FEA4C0C404141EB0101013C28BFB1F5801FE9D291F0000F04BF01460020B1FA28
S32D0001860081F308BF2033A3F10B03B3F120020CDA0C3208DD02F1140CC2F10C0201FA0CF021FA02F10CE002F194
S32D000186281402D8BFC2F1200C01FA02F120FA0CFCDCBF41EA0C019040E41AA2BF01EB0451294330BD6FEA04048A
S32D000186501F3C1CDA0C340EDC04F11404C4F1200220FA04F001FA02F340EA030021FA04F345EA030130BDC4F18A
S32D000186780C04C4F1200220FA02F001FA04F340EA0300294630BD21FA04F0294630BD94F0000F83F4801306BF98
S32D000186A081F480110134013D4EE77FEA645C18BF7FEA655C29D094EA050F08BF90EA020F05D054EA000C04BF14
S32D000186C81946104630BD91EA030F1EBF0021002030BD5FEA545C05D14000494128BF41F0004130BD14F58004DD
S32D000186F03CBF01F5801130BD01F0004545F0FE4141F470014FF0000030BD7FEA645C1ABF194610467FEA655C8F
S32D000187181CBF0B46024650EA013406BF52EA033591EA030F41F4002130BD00BF90F0000F04BF0021704730B578
S32D000187404FF4806404F132044FF000054FF0000150E700BF90F0000F04BF0021704730B54FF4806404F13204DD
S32D0001876810F0004548BF40424FF000013EE700BF42004FEAE2014FEA31014FEA02701FBF12F07F4393F07F4F89
S32D0001879081F06051704732F07F4208BF704793F07F4F04BF41F40021704730B54FF4607401F0004521F00041DB
S32D000187B81CE700BF50EA010208BF704730B54FF000050AE050EA010208BF704730B511F0004502D5404261EB77
S32D000187E041014FF4806404F132045FEA915C3FF4D8AE4FF003025FEADC0C18BF03325FEADC0C18BF033202EB3C
S32D00018808DC02C2F1200300FA03FC20FA02F001FA03FE40EA0E0021FA02F11444BDE600BF70B54FF0FF0C4CF4DD
S32D00018830E06C1CEA11541DBF1CEA135594EA0C0F95EA0C0F00F0DEF82C4481EA030621EA4C5123EA4C5350EAAD
S32D00018858013518BF52EA033541F4801143F4801338D0A0FB02CE4FF00005E1FB02E506F00042E0FB03E54FF02C
S32D000188800006E1FB03569CF0000F18BF4EF0010EA4F1FF04B6F5007F64F5407404D25FEA4E0E6D4146EB06069A
S32D000188A842EAC62141EA55514FEAC52040EA5E504FEACE2EB4F1FD0C88BFBCF5E06F1ED8BEF1004F08BF5FEA99
S32D000188D0500E50F1000041EB045170BD06F0004646EA010140EA020081EA0301B4EB5C04C2BFD4EB0C0541EAA8
S32D000188F8045170BD41F480114FF0000E013C00F3AB8014F1360FDEBF002001F0004170BDC4F10004203C35DAD7
S32D000189200C341BDC04F11404C4F1200500FA05F320FA04F001FA05F240EA020001F0004221F0004110EBD37029
S32D0001894821FA04F642EB06015EEA430E08BF20EAD37070BDC4F10C04C4F1200500FA04F320FA05F001FA04F24D
S32D0001897040EA020001F0004110EBD37041F100015EEA430E08BF20EAD37070BDC4F1200500FA05F24EEA020E1C
S32D0001899820FA04F301FA05F243EA020321FA04F001F0004121FA04F220EA020000EBD3705EEA430E08BF20EA85
S32D000189C0D37070BD94F0000F0FD101F00046400041EB010111F4801F08BF013CF7D041EA060195F0000F18BFF4
S32D000189E8704703F00046520043EB030313F4801F08BF013DF7D043EA0603704794EA0C0F0CEA135518BF95EA3E
S32D00018A100C0F0CD050EA410618BF52EA4306D1D181EA030101F000414FF0000070BD50EA410606BF10461946B9
S32D00018A3852EA430619D094EA0C0F02D150EA013613D195EA0C0F05D152EA03361CBF104619460AD181EA030121
S32D00018A6001F0004141F0FE4141F470014FF0000070BD41F0FE4141F4780170BD70B54FF0FF0C4CF4E06C1CEAE7
S32D00018A8811541DBF1CEA135594EA0C0F95EA0C0F00F0A7F8A4EB050481EA030E52EA03354FEA013100F0888063
S32D00018AB04FEA03334FF0805545EA131343EA12634FEA022245EA111545EA10654FEA00260EF000419D4208BF83
S32D00018AD8964244F1FD0404F5407402D25B084FEA3202B61A65EB03055B084FEA32024FF480104FF4002CB6EB35
S32D00018B00020E75EB030E22BFB61A754640EA0C005B084FEA3202B6EB020E75EB030E22BFB61A754640EA5C003F
S32D00018B285B084FEA3202B6EB020E75EB030E22BFB61A754640EA9C005B084FEA3202B6EB020E75EB030E22BF27
S32D00018B50B61A754640EADC0055EA060E18D04FEA051545EA16754FEA06164FEAC30343EA52734FEAC2025FEA91
S32D00018B781C1CC0D111F4801F0BD141EA00014FF000004FF0004CB6E711F4801F04BF01430020B4F1FD0C88BF32
S32D00018BA0BCF5E06F3FF6AFAEB5EB030C04BFB6EB020C5FEA500C50F1000041EB045170BD0EF0004E4EEA113199
S32D00018BC814EB5C04C2BFD4EB0C0541EA045170BD41F480114FF0000E013C90E645EA060E8DE60CEA135594EAC9
S32D00018BF00C0F08BF95EA0C0F3FF43BAF94EA0C0F0AD150EA01347FF434AF95EA0C0F7FF425AF104619462CE7DB
S32D00018C1895EA0C0F06D152EA03353FF4FDAE1046194622E750EA410618BF52EA43067FF4C5AE50EA41047FF4F7
S32D00018C400DAF52EA43057FF4EBAE12E74FF0FF3C06E000BF4FF0010C02E000BF4FF0010C4DF804CD4FEA410CCC
S32D00018C687FEA6C5C4FEA430C18BF7FEA6C5C1BD001B050EA410C0CBF52EA430C91EA030F02BF90EA020F0020AA
S32D00018C90704710F1000F91EA030F58BF994208BF90422CBFD8176FEAE37040F0010070474FEA410C7FEA6C5CB1
S32D00018CB802D150EA013C07D14FEA430C7FEA6C5CD6D152EA033CD3D05DF8040B704700BF8446104662468C4679
S32D00018CE01946634600E000BF01B5FFF7B7FF002848BF10F1000F01BD4DF808EDFFF7F4FF0CBF012000205DF8DB
S32D00018D0808FB00BF4DF808EDFFF7EAFF34BF012000205DF808FB00BF4DF808EDFFF7E0FF94BF012000205DF81E
S32D00018D3008FB00BF4DF808EDFFF7CEFF94BF012000205DF808FB00BF4DF808EDFFF7C4FF34BF012000205DF82E
S32D00018D5808FB00BF4FEA410212F5001215D211D56FF47873B3EB625212D94FEAC12343F0004343EA505311F0D9
S32D00018D80004F23FA02F018BF404270474FF00000704750EA013005D111F0004008BF6FF0004070474FF0000082
S32D00018DA8704700BF4A0011D212F5001211D20DD56FF47873B3EB62520ED44FEAC12343F0004343EA505323FA19
S32D00018DD002F070474FF00000704750EA013002D14FF0FF3070474FF0000070474FEA4102B2F1E04324BFB3F5AF
S32D00018DF8001CDCF1FE5C0DD901F0004C4FEAC0024CEA5070B2F1004F40EB830008BF20F00100704711F0804FF6
S32D00018E2021D113F13872BCBF01F00040704741F480114FEA5252C2F11802C2F1200C10FA0CF320FA02F018BFE5
S32D00018E4840F001004FEAC1234FEAD32303FA0CFC40EA0C0023FA02F34FEA4303CCE77FEA625307D150EA01339B
S32D00018E701EBF4FF0FE4040F44000704701F0004040F0FE4040F40000704700BF80F0004002E000BF81F0004102
S32D00018E9842001FBF5FEA410392EA030F7FEA226C7FEA236C6AD04FEA1262D2EB1363C1BFD21841404840414073
S32D00018EC0B8BF5B42192B88BF704710F0004F40F4000020F07F4018BF404211F0004F41F4000121F07F4118BF54
S32D00018EE8494292EA030F3FD0A2F1010241FA03FC10EB0C00C3F1200301FA03F100F0004302D5494260EB400076
S32D00018F10B0F5000F13D3B0F1807F06D340084FEA310102F10102FE2A51D2B1F1004F40EBC25008BF20F0010025
S32D00018F3840EA03007047490040EB0000013A28BFB0F5000FEDD2B0FA80FCACF1080CB2EB0C0200FA0CF0AABF3C
S32D00018F6000EBC25052421843BCBFD0401843704792F0000F81F4000106BF80F400000132013BB5E74FEA410391
S32D00018F887FEA226C18BF7FEA236C21D092EA030F04D092F0000F08BF0846704790EA010F1CBF0020704712F006
S32D00018FB07F4F04D1400028BF40F00040704712F100723CBF00F50000704700F0004343F0FE4040F400007047F6
S32D00018FD87FEA226216BF08467FEA23630146420206BF5FEA412390EA010F40F4800070474FF0000304E000BF94
S32D0001900010F0004348BF40425FEA000C08BF704743F0964301464FF000001CE050EA010208BF70474FF0000317
S32D000190280AE000BF50EA010208BF704711F0004302D5404261EB41015FEA010C02BF84460146002043F0B64316
S32D0001905008BFA3F18053A3F50003BCFA8CF2083AA3EBC25310DB01FA02FC634400FA02FCC2F12002BCF1004FBB
S32D0001907820FA02F243EB020008BF20F00100704702F1200201FA02FCC2F1200250EA4C0021FA02F243EB020054
S32D000190A008BF20EADC7070474FF0FF0C1CEAD0521EBF1CEAD15392EA0C0F93EA0C0F6FD01A4480EA010C4002CF
S32D000190C818BF5FEA41211ED04FF0006343EA501043EA5111A0FB01310CF00040B1F5000F3EBF490041EAD371D8
S32D000190F05B0040EA010062F17F02FD2A1DD8B3F1004F40EBC25008BF20F00100704790F0000F0CF0004C08BF7E
S32D0001911849024CEA502040EA51207F3AC2BFD2F1FF0340EAC250704740F400004FF00003013A5DDC12F1190F95
S32D00019140DCBF00F000407047C2F10002410021FA02F1C2F1200200FA02FC5FEA310040F1000053EA4C0308BFAF
S32D0001916820EADC70704792F0000F00F0004C02BF400010F4000F013AF9D040EA0C0093F0000F01F0004C02BF20
S32D00019190490011F4000F013BF9D041EA0C018FE70CEAD15392EA0C0F18BF93EA0C0F0AD030F0004C18BF31F042
S32D000191B8004CD8D180EA010000F00040704790F0000F17BF90F0004F084691F0000F91F0004F14D092EA0C0FE4
S32D000191E001D142020FD193EA0C0F03D14B0218BF084608D180EA010000F0004040F0FE4040F40000704740F08F
S32D00019208FE4040F4400070474FF0FF0C1CEAD0521EBF1CEAD15392EA0C0F93EA0C0F69D0A2EB030280EA010CE4
S32D0001923049024FEA402037D04FF0805343EA111143EA10130CF000408B4238BF5B0042F17D024FF4000C8B424A
S32D0001925824BF5B1A40EA0C00B3EB510F24BFA3EB510340EA5C00B3EB910F24BFA3EB910340EA9C00B3EBD10F89
S32D0001928024BFA3EBD10340EADC001B0118BF5FEA1C1CE0D1FD2A3FF650AF8B4240EBC25008BF20F0010070475B
S32D000192A80CF0004C4CEA50207F32C2BFD2F1FF0340EAC250704740F400004FF00003013A37E792F0000F00F06F
S32D000192D0004C02BF400010F4000F013AF9D040EA0C0093F0000F01F0004C02BF490011F4000F013BF9D041EAB8
S32D000192F80C0195E70CEAD15392EA0C0F08D142027FF47DAF93EA0C0F7FF470AF084676E793EA0C0F04D14B02C2
S32D000193203FF44CAF08466EE730F0004C18BF31F0004CCAD130F000427FF45CAF31F000437FF43CAF5FE700BF5B
S32D000193484FF0FF3C06E000BF4FF0010C02E000BF4FF0010C4DF804CD4FEA40024FEA41037FEA226C18BF7FEA59
S32D00019370236C11D001B052EA530C18BF90EA010F58BFB2EB030088BFC81738BF6FEAE17018BF40F00100704774
S32D000193987FEA226C02D15FEA402C05D17FEA236CE4D15FEA412CE1D05DF8040B704700BF844608466146FFE7BE
S32D000193C00FB5FFF7C9FF002848BF10F1000F0FBD4DF808EDFFF7F4FF0CBF012000205DF808FB00BF4DF808ED71
S32D000193E8FFF7EAFF34BF012000205DF808FB00BF4DF808EDFFF7E0FF94BF012000205DF808FB00BF4DF808ED38
S32D00019410FFF7D2FF94BF012000205DF808FB00BF4DF808EDFFF7C8FF34BF012000205DF808FB00BF03685A00B4
S32D000194384CBF43F0004323F000431844704700BF2DE9F84329B34F1E044615463E464FF0000808EB060101EB6C
S32D00019460D171491004EBC1094846FFF7E3FF0346C80008308F42204409D0AB4209D8FFF7D9FF0138A8420AD231
S32D0001948801F10108E5E7AB4205D9884501D04E1EDFE74FF000094846BDE8F883012807D0022807D0044B0028E5
S32D000194B00CBF18460020704702487047024870477D9B0100819B0100859B010030B5234B83B004468D1E3BB3CB
S32D000194D801A92846AFF30080E8B101992A46FFF7AFFF0146B8B1FFF7A1FF4B68A064012B2CD0002B01F104009E
S32D0001950024DBFFF797FF0023C4E913030368002B11DBFFF78FFF2061002003B030BD00230920236103B030BD14
S32D000195280D4B0E49C91AC91018460191D6E7C3F30360FFF7B3FF0028206114BF0020092003B030BD0123C4E905
S32D000195501303DBE7002323610520DEE70000000070290200002B02000368DA0710B5044606D49B0700F14800AB
S32D0001957809D500F05BFC2368590709D51A070ED5DB0613D510BD00F049FC23685907F5D404F1D00000F052FC50
S32D000195A023681A07F0D404F5A87000F053FC2368DB06EBD404F5E870BDE8104000F08EBC0920704703460068A0
S32D000195C800B11844704700BF704700BF70B504460E46316C2046FFF775FF054688B9326C6261236932462146F3
S32D000195F0012098470828F0D0072806D12846316CFFF7E6FF301D00F001FC00F083FE00BF2DE9F0470D1DD0F8C7
S32D000196180C80D0F81890074614460FCDADF5727D0DF10C0CACE80F000FCDACE80F000FCDACE80F0095E80F00D0
S32D0001964002AE4FF0000E8CE80F00C6F800E020E0336C7B614FF4F07231467AA801F02CFC3B697AAA394650462E
S32D000196689847889B73642146CDE9006905463B463A460120C0470446E0B94FF4F0727AA9304601F015FC082DA8
S32D000196901AD1316C3846FFF719FF09345FFA84FA05460028D4D0B36B73643A46CDE900693B464AF010010120EB
S32D000196B8C04700B1092528460DF5727DBDE8F087072DF7D12046316CFFF77EFF03A800F099FB00BF406C70475F
S32D000196E0F0B5CB6B0B6401F1040C0E460546BCE80F00F9B001AC0FC4BCE80F000FC4BCE80F000FC49CE80F00F5
S32D000197084FF0FF3784E80F00009706E02B696A46294698470828044608D110992846FFF7D1FE0028F2D00920F1
S32D0001973079B0F0BD6846FFF717FF062CF7D131462846FFF747FF00BFC160D96B82611964002219465CE700BF58
S32D0001975870B5C66843690B64AEB903690A4604460D46014602209847072805D008280FD129462046FFF72AFF64
S32D000197803046296CFFF724FF281D00F03FFB0122FFF73EFF00F0BEFD00F0BCFDC2681AB1CA6B0A64002233E7A9
S32D000197A89AE700BF704700BF836801460BB1012018477047012912D009D873B90F2A0CD800EB820218465368F9
S32D000197D0009A136070470339012994BF012002207047022070470846704700BF00B585B00A46002303A90091BC
S32D000197F81946FFF7DFFF039805B05DF804FB00BF012912D009D873B90F2A0CD800EB8200009A126842601846F5
S32D0001982070470339012994BF012002207047022070470846704700BF10B584B0002303AC039200940A4619466F
S32D00019848FFF7DEFF04B010BD70B5D36B136402F1040C05460C46BCE80F00ADF50E7D0DF15C0EAEE80F00BCE892
S32D000198700F00AEE80F00BCE80F00AEE80F009CE80F004FF0FF368EE80F00169610E0FFF7D3FF214616A8A847B9
S32D00019898034616AA6946082083B9049B9847052806460CD0092809D026996846FFF70AFE03466A460C2116A859
S32D000198C0002BE4D0092616A8FFF74EFE30460DF50E7D70BD2DE9F04FCC6C89B01E4654F8043B06940D4617463C
S32D000198E800F00308002E79D01A0C1B0405938DF81D200223D2B204EB82048DF81C302B6DB8F1020F08BFAC6B21
S32D0001991013F001030CD005A9384600F079FB18B9082009B0BDE8F08F092009B0BDE8F08FD4F800A0BAF1000FB3
S32D00019938EDD0019300F008030293022E4AD0B4F800A0B4F802900434AB6C29F0010B0F2138469B44FFF746FF0F
S32D00019960834539D82AF001039B44834594BF002001204FEA490303F002030AF0010A43EA0A03012B49D0022B78
S32D0001998832D0002BCCD1B8F1000F02D0002840F0CD800434D4F800A0BAF1000FCDD105A9384600F031FB00284B
S32D000199B0BAD1019B002BB3D00F213846FFF716FF0E2102463846FFF737FF38466A4A0F21FFF732FF0720A8E79A
S32D000199D80020CAE7D4F804900834B5E71B0205930323ADF81C308AE7236823F0004BB8F1000F45D128B1029AEE
S32D00019A00002A5CD0BBF1000F74D0002B00DA04340BF1010B04EB8B04C0E7B8F1000F19D1B0B163682268991C6B
S32D00019A284FEAD2723FF47CAF05F158010133049100F09080201DFFF7C1FD04AB01462846FEF712F800285BD174
S32D00019A500834A3E70D213846D5F82090FFF7C6FE8145F5D1AB6A9C42F2D12046FFF7E2FC0F2102463846FFF7D6
S32D00019A78DFFE38462A460021FFF7DAFE072050E70D213846D5F82090FFF7ACFE814501D02368B6E7AB6A9C422C
S32D00019AA0FAD104230022C5E90B23E318C5F828B06B632368002B59DB01230193A8E705F15803CDF80C8004F181
S32D00019AC8040AB04691461E460EE050460496FFF775FD0022014604AB284609F101090AF1040AFDF7C1FFE0B9CA
S32D00019AF0D945EED10D213846FFF778FE049BAC62C5E90803062010E781460D213846FFF76DFEB9F1020F2862B6
S32D00019B1825D12B46049A43F82C2F6B62AC620620FFE646462368DDF80C806AE72046FFF77DFC04340246AC6370
S32D00019B4028461446FDF7EEFF00283FF4EDAE384622460F21FFF770FE0720E6E60D213846FFF744FE2862049BDD
S32D00019B686B62DBE70BF1010004EB80007AE700BF557C01000023A9E60123A7E60223A5E62DE9F0430646C3B0C6
S32D00019B9015461C46042900F2BF80DFE801F09E57BD2D0300002C40F0B780102A00F2B4800368D80600F1F9804B
S32D00019BB820AF384600F098F9B46B394600234FF0010C0CFA03F22A42204603F1010303D050F8042B0A600446E0
S32D00019BE0042B01F10401F0D13846B46300F076F9002043B0BDE8F083032C40F08D8094B204EB1243102B4FEAE6
S32D00019C08124500F2858003681F0700F1D28020AF384600F03DF9B26B07EBC50154B10B46D01A01EBC401E400EE
S32D00019C301D5843F8045B8B42FAD122443846B26300F008F9002043B0BDE8F083012C4FEA124895B25CD0052CE5
S32D00019C585ED108EB0509B9F1200F59D8B8F10F0F79D9A946002D40F08A80B36B6DB320AF4FF0000907EBC8071E
S32D00019C80043F03EBC50553F8041B47F8041FAB42F9D1B9F1000F0FD06F464146102938BF102107EBC101843991
S32D00019CA803EBC90553F8040B41F8040FAB42F9D1012C00F08680B8F10F0FB56347D9B9F1000F02D0684600F029
S32D00019CD0B9F8002043B0BDE8F083ECB9806B23461FFA82FC0124371D04FA03F212EA0C0F014604D051F8042BE3
S32D00019CF847F8232008460133102BF1D115F40055E3D1B063284604E008EB0503102B03D9022043B0BDE8F08386
S32D00019D20B8F10F0FF8D83368DA0706D5304623F0030340F8483B00F079F820AF384600F075F8B36B002D97D11E
S32D00019D481D460435B563384600F068F8BDE720A800F06CF8B3E7B9F1100F40D9A9F110093368D90708D523F010
S32D00019D700103304643F0020340F8483B00F05EF8B9F1000F32D033685A0720D4B8F10F0F25D96F463846C8F1B5
S32D00019D98100500F057F8002DB36B7FF77AAF20AF68E723F01003336006F5E87000F09CF8FEE623F0080303604B
S32D00019DC000F5A87000F068F825E720AFBDE7304623F0040340F8D03B00F038F8D6E720A800F02CF8D5E74FF011
S32D00019DE80009BDE7B8F10F0F3FF63FAF20AF384600F020F8B36B002D7FF43AAF384600F015F862E700F13401CF
S32D00019E1091E838009C46A6464CF8045D90E8FF0FE54600BD90EC210B704700BF80EC210B704700BF90EC200BBE
S32D00019E38704700BF80EC200B704700BFD0EC200B704700BFC0EC200B704700BFF0EC0201F0EC0211F0EC022101
S32D00019E60F0EC0231F0EC0241F0EC0251F0EC0261F0EC0271F0EC0281F0EC0291F0EC02A1F0EC02B1F0EC02C16D
S32D00019E88F0EC02D1F0EC02E1F0EC02F1704700BFE0EC0201E0EC0211E0EC0221E0EC0231E0EC0241E0EC02512E
S32D00019EB0E0EC0261E0EC0271E0EC0281E0EC0291E0EC02A1E0EC02B1E0EC02C1E0EC02D1E0EC02E1E0EC02F1DD
S32D00019ED8704700BFB0FC0181B0FC0191B0FC01A1B0FC01B1704700BFA0FC0181A0FC0191A0FC01A1A0FC01B17F
S32D00019F00704700BFEC4600B52DE900502DE9FF1F4FF000032DE90C0001A9FFF7E1FBDDF840E012B0704700BF2E
S32D00019F28EC4600B52DE900502DE9FF1F4FF000032DE90C0001A9FFF70BFCDDF840E012B0704700BFEC4600B56A
S32D00019F502DE900502DE9FF1F4FF000032DE90C0001A9FFF71BFCDDF840E012B0704700BFEC4600B52DE90050B3
S32D00019F782DE9FF1F4FF000032DE90C0001ABFFF7DFFBDDF840E012B0704700BFEC4600B52DE900502DE9FF1FF8
S32D00019FA04FF000032DE90C0001AAFFF751FCDDF840E012B0704700BF027A03467AB9427AA2B14168013A10B464
S32D00019FC84272086803220C1D1A7202025C60000E10BC1A6070470068013A1A7202021A60000E7047B0207047A8
S32D00019FF000B585B0002303AA009219460C22FFF7DDFB039805B05DF804FB00BFF0E700BF2DE9F043054685B0D9
S32D0001A0180E464FF000083046FFF7CAFFB028044600F0BA80070620D500F0F003802B4DD0902B36D0A02B60D094
S32D0001A040B02B74D0C02B00F08B8000F0F803D02B0BD100F007020132052342F4002201212846FFF791FD002842
S32D0001A068D9D0092005B0BDE8F0838300DBB21F1D0DF10C0900231946CDF800900D222846FFF798FB039BCDF86B
S32D0001A090009060064CBFDF1BFF1800230D22194628460397FFF7B0FBB9E700F00D030D2BDBD003AF002300F0ED
S32D0001A0B80F02194600972846FFF77CFB002300970D2219462846FFF79BFBA4E73046FFF76FFF24022043B0F5C2
S32D0001A0E0004FC2D004010023A2B219462846FFF74BFD0028B9D114F4004F18BF4FF001088DE7C24302F007034C
S32D0001A1084FF47F621A41010702F47F624FF0000348BF42F4804219462846FFF731FD00283FF479AF9DE7B128B8
S32D0001A1303BD0B22800F09380B32841D000F0FC03B42B92D000F007020132012342F4002219462846FFF718FD7C
S32D0001A15800283FF460AF84E7C6284AD0C72854D000F0F803C02B63D0C82868D0C9287FF478AF3046FFF71CFFA5
S32D0001A180020300F00F0002F4702201300243012105232846FFF7F8FC00283FF440AF64E7B8F1000F18D00020B7
S32D0001A1A860E73046FFF704FF024600283FF459AF10F0F003C8D054E73046FFF7F9FE020300F00F03013302F4CD
S32D0001A1D070221A430123BBE703AC43460E22414600942846FFF7EAFA009443460F2241462846FFF709FB40461D
S32D0001A1F838E73046FFF7DCFE020300F00F03013302F470221A4303239EE73046FFF7D0FE024600283FF425AF57
S32D0001A22010F0F0037FF421AF04212846FFF7ACFC00283FF4F4AE18E700F00F020132032342F4202284E73046F9
S32D0001A248FFF7B6FE00F0F00200F00F031032013343EA023297E700230DF10C090D221946CDF800902846FFF787
S32D0001A270A5FA3046FFF7A0FE02064FF002040CD5039B00F07F00A040184403903046FFF793FE030604F1070406
S32D0001A298F2D4039BCDF8009000F07F02A24003F501731A440023039219460D222846FFF7A7FAB0E610B5C26CED
S32D0001A2C0536884B04FF0030C08321C0208461B0E01A9019402928DF80CC08DF80D30FFF797FE04B010BD00BFB2
S32D0001A2E808B5FFF78FFE806C08BD00BF08B5FFF789FEC06CC379023300EB830008BD00BF08B500F003F808B569
S32D0001A310FFF7FAFF08B5062001F086F9012006F0D1FD00BF13460A460146022003F00CBA144B70B51E68054618
S32D0001A3380C460EB1B36B9BB1636ED80702D4A389990516D522462946304600F025FF636EDA07054602D4A389E0
S32D0001A3609B0505D5284670BD304604F0FBFAE7E7A06D00F05BFA284670BDA06D00F054FAE4E700BF280D002075
S32D0001A38830B587B0054608461446019101F034FB01AA0123CDE90202059004930DB1AB6B03B3636E13F0010FC2
S32D0001A3B0B4F90C309AB201D1980521D5910406D4626E43F4005322F40052A381626603AA2846214600F028F835
S32D0001A3D8636EDA07054602D4A3899B0506D5284607B030BD284604F0B9FADAE7A06D00F019FA284607B030BDD2
S32D0001A400A06D00F011FAB4F90C309AB2D6E700BF10B4044C03460A46206810BC1946FFF7B3BF00BF280D002098
S32D0001A4289368002B00F081802DE9F04FB1F90C300C461907804683B0174698B223D523690BB310F002033D68B5
S32D0001A4502BD04FF0000ADFF8B4B256465E453346524628BF5B464046002E4FD0E169D4F824C0E047002852DD39
S32D0001A478BB681B1A8244361ABB60002BEAD1002003B0BDE8F08F2146404603F0EFF8002840F03481B4F90C3092
S32D0001A4A03D6898B210F00203D3D110F0010942D14E463EB38205D4F808B040F18180B3455A4600F2B18010F457
S32D0001A4C8906F40F0BE8020680192494600F08AFDA3682168019AA3EB0B030A44B246A36022600026B868A0EB70
S32D0001A4F00A00D144B8600028C5D0B4F90C0080B2002ED7D1D5E900960835D2E7D5E900A60835A3E72146404626
S32D0001A51804F0F0F980B3B4F90C3043F040034FF0FF30A38103B0BDE8F08F002070471E46AA46994618461D4671
S32D0001A54056B388B34A46D4E904132068B24228BF3246884205D9A16803EB010B5A4500F3A780934264DCE169A6
S32D0001A568D4F824C02A464046E047B0F1000BD2DDB9EB0B09CAD00120BB68A3EB0B035D44A6EB0B06BB60002BE1
S32D0001A5903FF479AF002ED4D10AF1080353E902569A460833002EF9D032460A21284600F0FFFB002800F09D8092
S32D0001A5B80130A0EB0509C1E720682369984217D86369B34214D86FF00042B24228BF3246E16992FBF3F2D4F8FC
S32D0001A5E024C002FB03F340464A46E047B0F1000A95DDA6EB0A0679E7B345DA4628BFB2465246494600F0F2FC1E
S32D0001A608A3682268A3EB0A035244A3602260002BEBD12146404604F06DF90028E5D07AE72068B34632464FE73D
S32D0001A6302946019200F0DAFC019AA3689B1AA360236813442360934696E723682169A3EB010B636903EB430A64
S32D0001A6580AEBDA7A0BF101034FEA6A0A33445345524684BF9A46524643052CD51146404600F0EAF800283BD050
S32D0001A6805A462169019000F017FCA289019B22F4906242F08002A28103EB0B002361AAEB0B03C4F814A0A360B4
S32D0001A6A82060B34632460FE729465A4600F09AFC23685B4423602146404604F01BF900283FF456AF27E7404671
S32D0001A6D000F0ACFD03460028DED12169404604F039FAB4F90C300C2223F08003C8F8002017E7721C914626E76E
S32D0001A6F80C22B4F90C30C8F800200EE74FF0FF30BEE600BF00FCFF7F2DE9F04186B002FB03F71D4601AB0393E3
S32D0001A72001230C9C01919046029705970493064608B1836B43B3636E13F0010FB4F90C309AB201D1990530D593
S32D0001A748920406D443F40053A381636E23F400536366304603AA2146FFF762FE636E90B1DA0706D505983F1A1C
S32D0001A770B7FBF8F006B0BDE8F081A3899B05F5D4A06D00F053F8F1E704F0ECF8D3E7D80707D4A389990504D4B1
S32D0001A798A06D00F047F82846E8E7284606B0BDE8F081A06D00F03CF8B4F90C309AB2C7E710B5064C82B08446B8
S32D0001A7C00093206813460A466146FFF7A1FF02B010BD00BF280D002070B50D4E0D4D761BB61006D0002455F85E
S32D0001A7E8043B01349847A642F9D1094E094D761B08F020F8B61006D0002455F8043B01349847A642F9D170BDB0
S32D0001A81048280200482802007428020048280200704700BF704700BF704700BF704700BF024B0146186800F049
S32D0001A8380BB800BF280D0020024B0146186804F085B900BF280D00202DE9F04F01F10B06162E83B0044624D8AB
S32D0001A860102900F2BA8000F08FFC102618220220B54F3A44A2F1080153688B4200F0BA805A68D96822F003026D
S32D0001A8881A449D68E9608D60516841F001012046516003F1080500F079FC284603B0BDE8F08F36F0070600F136
S32D0001A8B09480B14200F2918000F066FCB6F5FC7FC0F09A81730A00F08F80042B00F26F81B30903F1390003F1C2
S32D0001A8D8380CC3009A4F3B44A3F108055B689D4206D10CE0002980F22781DB689D4206D05A6822F00302911B1C
S32D0001A9000F29F3DD60463D69DFF840C265457CD06A6822F00302931B0F2B00F37B81002BC7E904CC80F26C813B
S32D0001A928B2F5007F80F01A81D308796801334FEA521E012202FA0EF20A4357F833E0C5F808E007EBC3010839CC
S32D0001A950E9607A6047F83350CEF80C50831001219940914257D8114206D120F003004900114200F10400FAD0A9
S32D0001A97807EBC0094D468646D5F80C80454508D11DE1002B80F22481D8F80C80454500F01681D8F8042022F027
S32D0001A9A00302931B0F2BF0DD2046D8E9025408EB060146F00106C8F80460EC60A56043F00104C7E90411C1E9FE
S32D0001A9C802CC4C6048F8023000F0E0FB08F1080502E00C2323600025284603B0BDE8F08F4FF4007340204FF050
S32D0001A9F03F0C73E7D3689A4208BF02307FF440AF3D69DFF848C1654582D17A688310012199409142A7D9BD68B6
S32D0001AA186B6823F003094E4503D8A9EB06030F2B7ADCDFF824B1494BDBF800201B680132334405EB090A00F02F
S32D0001AA40338103F580530F3323F47F6828F00F084146204600F0D6FD411C024600F0F380824500F2EE803C4B93
S32D0001AA68196841441960084600F04E81DBF80010019301311BBFA2EB0A0A5044CBF80020186012F0070B00F01C
S32D0001AA901781CBF108010A44CBF5805190440831A1EB0801C1F30B0A51462046009200F0A9FD421CDDE9002384
S32D0001AAB800F04F81801A00EB0A081968BA6048F001005144BD425060196000F02981B9F10F0F40F2278168687B
S32D0001AAE0A9F10C0C2CF0070C00F0010040EA0C0068604FF0050E05EB0C00BCF10F0FC0E901EE00F23281506869
S32D0001AB081546144B1A688A4238BF1960124B1A688A4238BF196094E0AA1943F0010346F001066E602046BA6092
S32D0001AB30536000F02FFB0835284603B0BDE8F08FD9681A44A1E600BF581100206011002060150020481B002090
S32D0001AB58181B0020401B0020441B0020B2F5206F4FEA522363D3142B00F2B78003F15C01C9005B3307EB010E56
S32D0001AB807958AEF1080E8E4500F091804B6823F00303934202D989688E45F7D1D1F80CE07A68C5E9021ECEF819
S32D0001ABA80850CD60D6E6142B59D9542B00F29D80330B03F16F0003F16E0CC3008AE60EF1010E1EF0030F05F1D8
S32D0001ABD008057FF4D5AE51E0424445465368D8F80C1043F00103536055F8083F2046D9608B6000F0CFFAF3E6D0
S32D0001ABF8F00806F1080237E62A442046536843F001035360083500F0C1FAE5E6A919204646F0010643F001044F
S32D0001AC206E60C7E90411C1E902CC4C60AB5000F0B1FA0835D4E6930903F13901C90038339CE7BD425FD0BD68ED
S32D0001AC48686820F003084645A8EB060302D80F2B3FF762AF204600F099FA0025BCE603F15C0003F15B0CC30052
S32D0001AC7034E659F808394B4540F0968010F0030F00F1FF30F5D17B6823EA01037B60490099423FF6C0AE19B9D3
S32D0001AC98BDE649000EF1040E1942FAD0704667E603F11008D0E69A104FF001087B6808FA02F21A437A6070E74D
S32D0001ACC002EB08014942C1F30B0A51462046009200F098FC431CDDE900237FF4EFAEDA46EFE6542B25D8130B21
S32D0001ACE803F16F01C9006E3344E7B3F5AA7F25D8F30B03F1780003F1770CC300EAE5294B186840441860B1E67C
S32D0001AD10CAF30B0CBCF1000F7FF4ACAEBD68C84448F001006860F0E61546EEE60123536094E7B3F5AA7F23D862
S32D0001AD38D30B03F17801C90077331BE740F25452934223D8B30C03F17D0003F17C0CC300C0E5ABF1080BD844A5
S32D0001AD60A8EB02084FF0000AABE605F108012046009303F0EFFEBD68009B68681968C4E640F254518B420BD833
S32D0001AD88930C03F17D01C9007C33F3E64FF47E737F204FF07E0C9DE54FF47E717E23E9E67B6870E7181B0020ED
S32D0001ADB001F0FF01102A2BDB10F0070F08D010F8013B013A8B422DD010F0070F42B3F6D1F0B441EA012141EA1E
S32D0001ADD8014122F007047FF000070023F0E80256083C85EA010586EA010685FA47F5A3FA87F586FA47F6A5FAC4
S32D0001AE0087F68EB9EED1F0BC01F0FF0102F0070232B110F8013B013A83EA010313B1F8D10020704701387047E1
S32D0001AE28002D06BF35460338073815F0010F07D1013015F4807F02BF013015F4C03F0130F0BC0138704700BF68
S32D0001AE50032A10B517D940EA010C1CF0030F04460B4623D119462046D1F800E0D0F800C0F44504F1040403F1ED
S32D0001AE78040317D1043A032A20461946EED8541EA2B100F1FF3C013901E0C3180CD01CF801EF11F8012F9645EB
S32D0001AEA0A4EB0C03F5D0AEEB020010BD541EECE7184610BD104610BD844641EA000313F003036DD1403A41D358
S32D0001AEC851F8043B40F8043B51F8043B40F8043B51F8043B40F8043B51F8043B40F8043B51F8043B40F8043B60
S32D0001AEF051F8043B40F8043B51F8043B40F8043B51F8043B40F8043B51F8043B40F8043B51F8043B40F8043B38
S32D0001AF1851F8043B40F8043B51F8043B40F8043B51F8043B40F8043B51F8043B40F8043B51F8043B40F8043B0F
S32D0001AF4051F8043B40F8043B403ABDD2303211D351F8043B40F8043B51F8043B40F8043B51F8043B40F8043B97
S32D0001AF6851F8043B40F8043B103AEDD20C3205D351F8043B40F8043B043AF9D2043208D0D2071CBF11F8013B8D
S32D0001AF9000F8013B01D30B8803806046704700BF082A13D38B078DD010F003038AD0C3F10403D21ADB071CBF8D
S32D0001AFB811F8013B00F8013B80D331F8023B20F8023B7BE7043AD9D3013A11F8013B00F8013BF9D20B78037022
S32D0001AFE04B7843708B7883706046704788420DD98B1883420AD900EB020CBAB1624613F801CD02F801CD9942F6
S32D0001B008F9D170470F2A0ED8034602F1FF3C4AB10CF1010C013B8C4411F8012B03F8012F6145F9D1704740EA40
S32D0001B03001039B0750D1A2F1100370B501F1200C23F00F0501F1100E00F11004AC441B095EF8105C44F8105C87
S32D0001B0585EF80C5C44F80C5C5EF8085C44F8085C5EF8045C44F8045C0EF1100EE64504F11004E9D1013312F07A
S32D0001B0800C0F01EB031102F00F0400EB031327D0043C24F003064FEA940C1E441C1F8E465EF8045B44F8045F8E
S32D0001B0A8B442F9D10CF1010402F0030203EB840301EB840102F1FF3C4AB10CF1010C013B8C4411F8012B03F86B
S32D0001B0D0012F6145F9D170BD02F1FF3C03469BE72246EBE7830730B548D0541E002A3FD0CAB2034601E0013C3C
S32D0001B0F83AD303F8012B9D07F9D1032C2DD9CDB245EA05250F2C45EA054536D9A4F1100222F00F0C03F1200EC1
S32D0001B120E6444FEA121C03F1100242E9045542E9025510327245F8D10CF1010214F00C0F03EB021204F00F0C71
S32D0001B14813D0ACF1040323F003030433134442F8045B9342FBD10CF003042CB1CAB21C4403F8012B9C42FBD1E3
S32D0001B17030BD64461346002CF4D1F9E703461446BFE71A46A446E0E70148FFF74DBB00BF0C1B00200148FFF709
S32D0001B19849BB00BF0C1B002070B50E461446054608B1836BEBB1636ED80702D4A389990523D5A368013B002B63
S32D0001B1C0A3601CDAA269934212DBF0B20A280FD023685A1C226005461E70636EDA0702D4A3899B0511D52846E3
S32D0001B1E870BD03F0BBFBDEE728462246314602F0CFF90546EDE7F0B2E6E7A06DFFF710FBD7E7A06DFFF70EFB30
S32D0001B210284670BD10B4044C03460A46206810BC194600F003B800BF280D00202DE9F84F1746002900F098806A
S32D0001B23807F10B0580460C46FFF7A2FF162D5DD810252A46AF425ED854F8041C21F003069642A4F1080962DAAC
S32D0001B260BC4BD3F808C009EB0600844500F09780D0F804C02CF0010303445B68DB0768D42CF0030C06EB0C035C
S32D0001B288934247DACB0710D454F8083CA9EB030ADAF8043023F003018C44B444944580F211817318934280F226
S32D0001B2B0E88039464046FFF7CBFA0746E0B154F8043C23F001034B44A0F10802934200F0D280321F242A00F2F4
S32D0001B2D8F580132A00F2AC8003462246116819605168596092689A602146404603F02EFC4046FFF74BFF384620
S32D0001B300BDE8F88F25F00705002D2A469EDA0C23C8F8003000273846BDE8F88F1E46D0E90223D3609A60731BCF
S32D0001B3280F2B22D8D9F8043003F0010333434E44C9F80430736843F00103736040462746FFF724FF3846BDE8B5
S32D0001B350F88FC907ADD454F8083CA9EB030ADAF8041021F00301A0E7BDE8F84F1146FFF76FBAD9F8041001F00B
S32D0001B37801012943C9F8041009EB05014E4443F001034B60736843F0010308317360404603F0DCFBD2E7DCF8FA
S32D0001B3A0040020F0030B06EB0B0C05F1100084454DDAC9073FF57DAF54F8081CA9EB010ADAF8041021F0030124
S32D0001B3C88B44B34458453FF76CAF5746DAF80C1057F8080F321F242AC160886000F2DB80132A40F2D68021686E
S32D0001B3F0CAF808106168CAF80C101B2A00F2DF8008340AF110022168116061685160A16891600AEB0501ABEBCF
S32D0001B418050242F0010299604A60DAF8043003F001031D434046CAF80450FFF7AFFE6EE72368036063684360D9
S32D0001B4401B2A68D804F1080200F108034AE709EB05029A60ACEB050343F00103536054F8043C03F001031D43CB
S32D0001B468404644F8045CFFF791FE27464FE750F8043C23F003031E4451E75746DAF80C1057F8080F321F242AA0
S32D0001B490C16088604CD8132A48D92168CAF808106168CAF80C101B2A56D808340AF110021E462368136063680F
S32D0001B4B85360A3689360D1463C4630E72146FFF791FD11E7D0E902135746CB60996057F8081FDAF80C30CB60E3
S32D0001B4E0321F242A99602DD8132A29D92368CAF808306368CAF80C301B2A42D808340AF1100322681A6062689C
S32D0001B5085A60A2689A606646D1463C4607E7A3688360E368C360242A26D004F1100200F11003DBE63A46BFE791
S32D0001B530214638461E46D146FFF758FD3C46F2E63B46DEE7214638466646D146FFF74EFD3C46E8E658110020DF
S32D0001B558A168CAF81010E168CAF81410242A20D010340AF118029FE7236903616169416104F1180200F1180316
S32D0001B580B0E6A368CAF81030E368CAF81430242A21D010340AF11803B3E73A4633E721463846FFF723FD164B7F
S32D0001B5A833E72269CAF818206269CAF81C2018340AF1200278E7A168CAF81010E168CAF81410242A0DD01034BB
S32D0001B5D00AF1180217E72369CAF818306369CAF81C3018340AF120038BE72269CAF818206269CAF81C20183453
S32D0001B5F80AF1200203E700BF5811002038B5074D0022044608462A6005F042FC431C00D038BD2B68002BFBD070
S32D0001B620236038BD4C1B002038B5154B1F281D6820D8D5F8DC22044662B152F820304BB1012B15D0591C0FD0C8
S32D0001B648002542F820509847284638BD284600F02BF8224601462846BDE8384000F00EB816232B60012038BD77
S32D0001B670002038BD16232B604FF0FF3038BD00BF280D002070B50C46084D03460026204611461C462E6005F07E
S32D0001B698E7FB431C00D070BD2B68002BFBD0236070BD00BF4C1B002005F0CABB0EB410B59DB06FF000411FAB0E
S32D0001B6C0CDE906010491094953F8042B0290084C0868019302A9059400F040FA029B00221A701DB0BDE81040DA
S32D0001B6E803B07047280D00200802FFFF000000000000000000000000A2EB0300704700BF02780B78012A28BF57
S32D0001B7109A42F5D16DE9044540EA0104CDE902676FF0000C4FEA447212B380EA010414F0070F6AD100F007049D
S32D0001B73820F0070004F0030521F007014FEAC505F0E8042314F0040FF1E804670CFA05F462EA040266EA0406AE
S32D0001B7600AD063EA0403624667EA0407664603E0F0E80423F1E8046782FA4CF582EA0604A4FA8CF46CBB83FAC1
S32D0001B7884CF583EA0705A5FA8CF595B950E9022351E9026782FA4CF582EA0604A4FA8CF483FA4CF583EA0705E1
S32D0001B7B0A5FA8CF52543DBD09CB92DBAB5FA85F424F0070427FA04F1DDE9026723FA04F303F0FF0001F0FF0178
S32D0001B7D8FDE80445A0EB0100704724BAB4FA84F424F0070426FA04F1DDE9026722FA04F202F0FF0001F0FF0176
S32D0001B800FDE80445A0EB0100704714F0030F3CD110F0030428D150F8082B51F8083B82FA4CF582EA0305A5FAAE
S32D0001B8288CF55DB950F8042C51F8043C82FA4CF582EA0305A5FA8CF5002DE8D02DBAB5FA85F424F0070423FAD8
S32D0001B85004F122FA04F202F0FF0001F0FF01FDE80445A0EB010070474FEAC40420F0030050F8082B21F00301CB
S32D0001B87851F8083B0CFA04F462EA040263EA0403C9E710F003041AD0A1EB040120F00300E40750F8042B06D0F4
S32D0001B8A00FD28B785FFAA2F4E41A06D12BB1CB785FFAB2F4E41A00D11BB920465DF8104B704701F1040150F804
S32D0001B8C8042BCC0721F0030151F8043B48D824D222F07F4482FA4CF594EA1325A5FA8CF50AD165B951F8043BB3
S32D0001B8F084EA0204B4EB036F0ED150F8042BEBE74FEA132355E035F07F454DD10878FDE80445C0F100007047BB
S32D0001B9184FEA126203F0FF0347E002EA1C4482FA4CF594EA1345A5FA8CF50AD165B951F8043B84EA0204B4EBA4
S32D0001B940034F0CD150F8042BEBE74FEA134330E015EA1C4528D10B884FEA124229E04FEA124203EA1C4324E062
S32D0001B96802F0FF0482FA4CF594EA1365A5FA8CF50AD165B951F8043B84EA0204B4EB032F09D150F8042BEBE7FF
S32D0001B9904FEA13630DE015F0FF0F05D10B684FEA122223F07F4304E04FF00000FDE80445704712BA1BBA82FA29
S32D0001B9B84CF482EA0304A4FA8CF5B5FA85F402FA04F203FA04F34FEA1260FDE80445A0EB1360704700000000F2
S32D0001B9E0000000000000000000000000000000000000000000000000000000000000000090F800F06DE9024523
S32D0001BA0820F007016FF0000C10F0070491F820F040F049804FF000046FF00700D1E9002391F840F000F10800B7
S32D0001BA3082FA4CF2A4FA8CF283FA4CF3A2FA8CF34BBBD1E9022382FA4CF200F10800A4FA8CF283FA4CF3A2FA2E
S32D0001BA588CF3E3B9D1E9042382FA4CF200F10800A4FA8CF283FA4CF3A2FA8CF37BB9D1E9062301F1200182FA77
S32D0001BA804CF200F10800A4FA8CF283FA4CF3A2FA8CF3002BC6D0002A04BF04301A4612BAB2FA82F2FDE8024513
S32D0001BAA800EBD2007047D1E9002304F00305C4F100004FEAC50514F0040F91F840F00CFA05F562EA05021CBF6C
S32D0001BAD063EA050362464FF00004A9E7A2B330B540EA0104A40784460B462AD09CF800000C7884422FD1012A45
S32D0001BAF80DD0E64660B11EF8010F11F8014F6FEA0E03A042134422D11CEB0303F2D1002030BD0468194653F8FD
S32D0001BB20045BA4F1013EAC4284462EEA040E00F104000BD1043A84461946ECD01EF0803FE9D1032AE9D8D1E7C0
S32D0001BB48104670479CF800000C78A042D1D0001B30BD00BF2DE9F04FD5B00C460C9191460E930A9003F01CF97C
S32D0001BB70036817931846FFF743FFA3891690190603D52369002B00F08B8700242BAB4D46CDE92944CDE91944B6
S32D0001BB98CDE91B441294289398461894002308940024CDE914342B78002B00F0DD81AA4604E01AF8013F002B30
S32D0001BBC000F01681252BF8D1BAEB050640F014819AF80030002B00F0CB8100234FF0FF329AF801608DF883305A
S32D0001BBE809930AF1010A07921F462B244FF020090AF1010AA6F120035A2B00F22D81DFE813F0BA022B012B0114
S32D0001BC10B5022B012B012B016A002B012B014F02E3022B015A02C9022B01C4025B005B005B005B005B005B006B
S32D0001BC385B005B005B002B012B012B012B012B012B012B01BF012B011A028600BF01BF01BF012B012B012B0146
S32D0001BC602B01B0022B012B01C3002B012B012B0124022B015F022B012B013C072B012B012B012B012B012B01E2
S32D0001BC882B012B01BF012B011A028800BF01BF01BF01A302880081002B0196022B018202C500700281002B015F
S32D0001BCB024027E0039072B012B0119072B017E00A6F1300300221AF8016B02EB820203EB4202A6F13003092B54
S32D0001BCD8F5D909928EE7DDF828B0584603F060F843681B931846FFF787FE1C900646584603F056F88368199329
S32D0001BD00002E40F07A869AF8006075E79AF8006047F0200770E747F01007BA060E9B40F18081073323F0070381
S32D0001BD281A465B6852F8084B0E929946002BC0F25F85079B013301F01F8054EA090327F0800B00F0E3840A2C0D
S32D0001BD5079F1000380F08187303401238DF84F415F460B930DF24F1507990B989DF8832081424FF00003B8BFA5
S32D0001BD7801460D9306910F9313931093002A7CD0069B0133069378E047F0100717F0200900F034810E9B0733F1
S32D0001BDA023F00703D3F8049053F8084B0E9327F4806B002300228DF88320079A511C00F00D8254EA09012BF056
S32D0001BDC8800740F00682002A41F01080002B40F0A2841BF001030B9300F0378530238DF84F310DF24F15BBE7EB
S32D0001BDF0BAEB050600F0BC802A9B33442A93299B0133072BC8E90056299305DC08F10808089B33440893DBE602
S32D0001BE180C990A9828AA03F091FC80B90DF1AC08F2E70C990A9828AA03F088FC002800F08C800D9B1BB10D99D0
S32D0001BE400A9802F087FE0C9B9B8913F0400F089B18BF4FF0FF330893089855B0BDE8F08F002E00F08580002209
S32D0001BE688DF8EC608DF88320012306930D920B9307920F92139210923BAD17F0020302D006990231069117F001
S32D0001BE90840B07D109990698A1EB0009B9F1000F00F315832A9C8AB1299A0DF1830101320134C8F80010072A54
S32D0001BEB84FF001012A942992C8F8041000F3468308F1080883B1299B21AA01330234C8F80020072B4FF0020286
S32D0001BEE02A942993C8F8042000F3488308F10808BBF1800F00F00E82079B0B9AA3EB020BBBF1000F00F34F82F2
S32D0001BF08FB0500F1A5810B9BC8F804301C44299BC8F800500133072B2A94299300F3C78208F108087B0705D5A4
S32D0001BF30099B069A9D1A002D00F32C83DDE9083206998A42ACBF9B185B180893002C7FF46CAF002329930D9B40
S32D0001BF581BB10D990A9802F0F9FD0DF1AC0855462B78002B7FF423AE2A9B002B3FF467AF0C9C0A9828AA2146A3
S32D0001BF8003F0E0FBA38960E70E9B073323F00702F2E80234CDE91434DDE9143424F000440E929946184621469A
S32D0001BFA8A74B4FF0FF3204F0A3FD002840F06284A34B484621464FF0FF32FCF7ADFE002840F05884DDE9140136
S32D0001BFD000220023FCF79AFE002840F0AD879DF883209A4D9A4B27F080070321472EC8BF1D4600230D93069167
S32D0001BFF80B9107930F9313931093BFE617F0100340F02E8417F0400200F054870E9A52F8044B0E929946A4B22E
S32D0001C020C5E653F8044B0E93FB0600F118847D0640F1128444F3C0394B4624B27AE60E9B002253F8041B8DF882
S32D0001C04883208DF8EC100E930EE70E9C079B54F8045B4FF000098DF88390002D00F0D5865A1C00F052851A4623
S32D0001C07049462846FEF79CFE0D90002801F057800D9BCDF81C905B1B0B930E9423EAE3739DF883200693CDF8C0
S32D0001C0983490CDF83C90CDF84C90CDF840906DE60E9B53F8042B0992002A80F2C983099A0E93524209929AF8F0
S32D0001C0C0006047F0040797E547F0100B1BF0200900F081830E9B073323F00703D3F8049053F8084B0E930123F7
S32D0001C0E864E60E9B53F8044B0E93302378268DF88430564B189347F0020B8DF885604FF00009022352E6BD066F
S32D0001C11000F18284FC0600F17386780600F13C87B90540F16D860E9B089953F8042B0E931170554618E79AF8F7
S32D0001C13800606C2E03BF9AF8016047F020070AF1010A47F0100753E59AF80060682E03BF9AF8016047F4007750
S32D0001C1600AF1010A47F0400746E59AF8006047F0080741E59AF8006047F001073CE59DF88330002B7FF4BFADFF
S32D0001C1889AF800608DF8839032E59AF8006047F080072DE5524612F8016B2A2E01F0CD81A6F13003092B9246AA
S32D0001C1B098BF002201F288801AF8016B02EB820203EB4202A6F13003092BF5D9079215E59AF800608DF8834032
S32D0001C1D80EE5BB46012B3FF4B6AD022B54AD12D1189A04F00F032409D35C05F8013D44EA09744FEA191954EACE
S32D0001C2000903F2D154AB5B1B5F460B93ACE504F00703E40844EA49744FEAD909303354EA09012A4605F8013DB1
S32D0001C228F1D11BF0010FE9D0302BE7D03023023A05F8013C54AB9B1A5F460B9315468FE5FFFFEF7F902402008E
S32D0001C25094240200A0240200652E40F3E680DDE9140100220023FCF747FD002800F0CD81299BBF4AC8F80020A9
S32D0001C278013301340122072B2A942993C8F8042000F37D8508F10808229B129A934280F2D382169B179A1C44B6
S32D0001C2A0C8E90023299B2A940133072B299300F3EB8308F10808129B5D1E002D7FF736AE102D299BDFF8AC92C8
S32D0001C2C840F36E8549462246B946DDF828B00C9C10260F4605E008F10808103D102D40F35B8501331032072B18
S32D0001C2F0C8E90076CDE92932F1DD28AA2146584603F020FA00287FF498ADDDE929320DF1AC08E6E7099B069A71
S32D0001C318A3EB020BBBF1000F7FF7EAADBBF1100F299ADFF848922CDD1D9621464E460C9CDDF82890102306E04F
S32D0001C340ABF1100BBBF1100F08F108081ADD01321031072AC8E90063CDE92921F0DD28AA214648460DF1AC084D
S32D0001C36803F0ECF900287FF464ADABF1100BBBF1100FDDE929214FF01003E4DCB1461D9E0C4601325C44072A76
S32D0001C390CDE92924C8F80090C8F804B000F31D8508F10808A8E5BBF1100F299ADFF8C4912DDD41462046A846ED
S32D0001C3B84C460C9DDDF82890102306E0ABF1100BBBF1100F01F1080119DD01321030072AC1E90043CDE9292072
S32D0001C3E0F0DD28AA2946484603F0ACF900287FF424ADABF1100BBBF1100FDDE929202BA94FF01003E5DC45468B
S32D0001C408A1468846044601325C44072ACDE92924C8F80090C8F804B000F3CC8108F108086EE5129B012B40F393
S32D0001C4307C81299EC8F80050013601340123072E2A942996C8F8043000F3E08108F10808169B179A01361C447D
S32D0001C458072EC8E90023CDE9296400F3E08108F10808DDE9140100220023FCF741FC002840F07481129B01368B
S32D0001C480013B01351C44072EC8F800502996C8F804302A9400F3598108F108081A9BC8F8043001361C44072EBA
S32D0001C4A824ABCDE92964C8F800307FF739AD0C990A9828AA03F042F900287FF4BAAC2A9C0DF1AC082EE5B9F18A
S32D0001C4D0100FDDE929212BDDCDE91D3B1F96DDF828B04E461024A9460C9D04E0103E102E08F1080817DD013296
S32D0001C4F81F4B1031072AC8E90034CDE92921F1DD28AA294658460DF1AC0803F017F900287FF48FAC103E102E90
S32D0001C520DDE92921E7DCDDE91D3B4D46B1461F9EC8F80490013209EB0104072A0E49C8F80010CDE9292400F3E6
S32D0001C548FF839DF8832008F10808A8E40C990A981D9328AA03F0F2F800287FF46AAC2A9C1D9B0DF1AC08ADE45D
S32D0001C570D0240200E4240200D42402000C990A9828AA03F0DFF800287FF457AC2A9C0DF1AC08ADE4102D299B17
S32D0001C59821DD0A9FDDF83090102604E0103D102D08F1080817DD0133B04A1034072BC8E90026CDE92934F1DD3B
S32D0001C5C028AA494638460DF1AC0803F0BBF800287FF433AC103D102DDDE92934E7DC0133A44AC8F804502C4485
S32D0001C5E8072BCDE92934C8F800207FF7A3AC0C990A9828AA03F0A2F800287FF41AAC2A9C98E42299002940F3DA
S32D0001C6106683DDF84090129B9945A8BF9946B9F1000F0BDD299B01334C44072BC8E900592A94299300F32F8516
S32D0001C63808F10808109EB9F1000FA8BFA6EB0906002E00F33882DDF840B07805AB4400F16682229B129A934239
S32D0001C66002DBF90740F18E84169A17991444C8E90012299A2A940132072A299200F3188508F10808129AAE1865
S32D0001C688A6EB0B06D51AAE42A8BF2E46002E0DDD299BC8F800B001333444072BC8F804602A94299300F31A86CC
S32D0001C6B008F10808002EA8BFAD1B002D7FF736AC102D299BDFF8B09140F36E8349462246B946DDF828B00C9CE8
S32D0001C6D810260F4605E008F10808103D102D40F35B8301331032072BC8E90076CDE92932F1DD28AA214658469A
S32D0001C70003F020F800287FF498ABDDE929320DF1AC08E6E7079B002B7FF41EAB5F46002307930B9354ADFFF781
S32D0001C7281FBBFA073FF581AE299EC8F80050013601340123072E2A942996C8F804307FF7A7AE0C990A9828AAB3
S32D0001C75002F0F8FF00287FF470ABDDE929640DF1AC089BE6129B5D1E002D7FF797AE102DDFF8049140F3968390
S32D0001C778224607970A9C0C9F4FF0100B05E008F10808103D102D40F3878301361032072EC8E9009BCDE92962F1
S32D0001C7A0F1DD28AA3946204602F0CCFF00287FF444ABDDE929620DF1AC08E6E70C990A9828AA02F0BFFF0028DD
S32D0001C7C87FF437AB2A9C0DF1AC08FFF799BB1BF0100340F028811BF0400200F079830E9A52F8044B0E9299463B
S32D0001C7F0A4B20123FFF7DEBA2D2364428DF8833069EB4909BB460123FFF7D7BA0C990A9828AA02F097FF0028C9
S32D0001C8187FF40FABDDE929640DF1AC0814E60C990A9828AA02F08AFF00287FF402ABDDE929640DF1AC0814E6EA
S32D0001C840FD077FF573AB28E59AF800600E93FFF7D3B954ADFFF788BAB80500F1A6834FEAE4794B46FFF766BAC4
S32D0001C8680E9B53F8044B0E93FFF79DBAD4240200E4240200DDE9140102460B4604F038F9002840F00F86612E57
S32D0001C89000F04585412E00F06D84079B013326F02003069300F0A983472B00F08885DDE9141247F480730F9380
S32D0001C8B81346002BC0F292850B9300231D938B460D93069B462B00F0FD83452B00F044850799019126A90491E1
S32D0001C8E023A9039122A9029102210B9B0A9800915A4601F011F8069B472B054640F0318617F0010FB9460F9FCC
S32D0001C90840F0FC84269B5B1B1293069B472B00F08283069B462B00F01284229B1093109B069A013B412A2293CD
S32D0001C93000F0AD85F2B20021002BB8BF109B8DF89020BABFC3F101032D222B22092B8DF8912040F38D850DF1F5
S32D0001C9589F04B64F2246104687FB0321DA17C2EBA10202EB8201A3EB4101303100F8011C19466329134600F178
S32D0001C980FF32ECDC3033D9B2831E9C4202F8011C40F2F18513460DF1920201E013F8011B02F8011B9C42F9D1B2
S32D0001C9A80DF1A1030DF192021B1A134424AA9B1A1A93129B1A9A012B1A440B9240F39E850B9B169A13440B9347
S32D0001C9D00B9A002329F4806722EAE27247F480770F930692139310931D9B002B40F03F839DF883200793FFF7BA
S32D0001C9F8C5B9199B002B3FF482A9199B1B78002B3FF47DA99AF8006047F48067FFF7F0B80E9B089853F8041B25
S32D0001CA200E93C217C1E900025546FFF79DBA0E9B53F8044B0E930123FFF7BCB97E4B189317F0200900F0EC8066
S32D0001CA480E9B073323F00703D3F8049053F8084B0E93F80709D554EA090306D030238DF8856047F002078DF8A2
S32D0001CA70843027F4806B0223FFF79CB9BB46FFF725BB6E4B1893DBE70C990A9828AA02F059FE00287FF4D1A9F9
S32D0001CA982A9C0DF1AC080AE40A984021FDF7D4FE0C9B18601861002800F065850C9A40235361FFF766B8102E97
S32D0001CAC0299BDFF87C9140F32982484642462146A846B9460A9C0C9D4FF0100B074604E00832103E102E40F384
S32D0001CAE8138201331031072BC2E9007BCDE92931F2DD28AA2946204602F020FE00287FF498A9DDE929312BAA56
S32D0001CB10E7E72846CDF81C900E94FEF771FF03460B90FFF7B3BA129BCDF82CA04246DDF84C801097EB18079350
S32D0001CB385E46199FDDF87090DDF828A0DDF830B00F9B13952146B8F1000F2FD0002B30D1013F08F1FF381B9B89
S32D0001CB60C2E90039299B01334944072B2A91299368DC0832079B38789B1B8342A8BF0346002B1C460BDD299863
S32D0001CB88013019440728C2E900632A91299000F3148138780832002CACBF051B0546002D0BDC06440F9BB8F11A
S32D0001CBB0000FCFD1002B00F023820F9B013B0F93CDE7102D29981DDD102404E0103D102D02F1080216DD0130F0
S32D0001CBD8194B10310728C2E90034CDE92901F1DD28AA5946504602F0A9FD00287FF421A9103D102DDDE929014F
S32D0001CC002BAAE8DC01300E4B556029440728CDE92901136000F33282387808320644C5E717F0100300F0A1808C
S32D0001CC280E9B53F8044B0E9313E700BF67666666A0240200B4240200E424020028AA5946504602F07BFD002864
S32D0001CC507FF4F3A82A992BAA8CE70BF4806300220696CDF82CA0CDF8348054AFDDF864809A4616460CE00023EB
S32D0001CC78204649460A2203F051FF0A2C79F100031BD3044689462F4620460A220023494603F044FF30327D1E93
S32D0001CCA0013607F8012CBAF1000FE4D098F800309E42E0D1FF2EDED00A2C79F1000380F0408154AB5B1BDDF84A
S32D0001CCC82CA0CDF864801296DDF83480069E0B935F46FFF745B8299BBC4AC8F80020013301340122072B2A9497
S32D0001CCF02993C8F8042000F3388108F10808002940F09780129A07F0010313433FF40EA9169B17991A19C8E924
S32D0001CD180013299B2A920133072B299300F3478108F108081299C8F8005001338C18072BCDE92934C8F80410C7
S32D0001CD407FF7F2A8FFF7B7BB0C990A981D9328AA02F0F8FC00287FF470A89DF883202A9C1D9B0DF1AC08FFF78C
S32D0001CD689EB817F0400200F0C2800E9A52F8044B0E929946A4B26CE6BB46FEF7E4BF0C990A9828AA02F0DAFCE9
S32D0001CD9000287FF452A82A9C0DF1AC08FFF778BA14463A464F46914601332C44072BC8F80090C8F80450CDE909
S32D0001CDB829347FF7B5A8FFF77ABB28AA5946504602F0BCFC00287FF434A838782A992BAAE1E60C990A9828AAA1
S32D0001CDE002F0B0FC00287FF428A82A9C0DF1AC08FFF782B8012BBB467FF4F3A9FEF7ACBF0E9B089953F8042B13
S32D0001CE08554611600E93FFF7ABB8062B294628BF062307950D952A4606936D4D0E940B930F9113911091FEF72A
S32D0001CE30A9BF169B17981A19C8E90003299B2A920133072B299300F3B68008F108080029BFF66CAF4E42103186
S32D0001CE58DFF8809180F297824146DDF828B0A84610240C9D04E00831103E102E40F3898201331032072BC1E900
S32D0001CE800094CDE92932F2DD28AA2946584602F059FC00287EF4D1AFDDE929322BA9E7E7079F144601362C4465
S32D0001CEA8072ECDE92964C8F80090C8F804507FF7EFAA46E40E9B17F4007914BF53F8044B53F8044B0E931CBF96
S32D0001CED09146E4B2FEF76BBF0E9B1BF4007914BF53F8044B53F8044B0E931CBF9146E4B20123FEF75FBF0E9BA6
S32D0001CEF817F4007914BF53F8044B53F8044B0E931CBF9146E4B2A4E5454690463A460C464F46914601333444C3
S32D0001CF20072BCDE92934C8F80090C8F8046057DC08F10808FFF78BBB2D228DF88320FFF750B81C9B1B99ED1ACA
S32D0001CF481A46284602F0C8FB98F801300BB108F10108204649460A220023002603F0DEFD8FE60C990A9828AAF2
S32D0001CF7002F0E8FB00287EF460AF22992A9C0DF1AC08BCE6129AAE18A6EB0B06D51AAE42A8BF2E46FFF78EBB32
S32D0001CF980E9B089953F8042B0E9311805546FEF7DFBF44F3C0194B4664B2FEF7BFBE0C990A9828AA02F0C2FB55
S32D0001CFC000287EF43AAFDDE9293222990DF1AC083DE700BFD0240200C8240200E42402000C990A9828AA02F055
S32D0001CFE8ADFB00287EF425AF2A9C0DF1AC08FFF72ABB0623079356E4DDE91235EB189E421997B346DDF82CA07A
S32D0001D010109F90460C4628BF9B46FFF71EBB229B1093DA1C02DB079A934204DD023E26F02003069377E4109BE1
S32D0001D038129A9342C0F2488119F0010F00F01182169A13440B9319F4806F03D0109B002B00F3C7810B9B23EAF9
S32D0001D060E3730693672600230F931393BCE42D2200238DF883200793FEF786BE28AA5946504602F05FFB002832
S32D0001D0887EF4D7AE38782A992BAA06448AE50C990A9828AA02F052FB00287EF4CAAE2A9C0DF1AC08FFF7C6BA29
S32D0001D0B00C990A9828AA02F045FB00287EF4BDAE229B2A9C0DF1AC08FFF7DCBA0799019126A9049123A903914A
S32D0001D0D822A9029103210B9B0A9800915A4600F017FC0378302B054600F0F181229B079AB94613440F9FEC1842
S32D0001D1000B99584600220023FBF7F6FD10B12346FFF7FDBB269BA342BFF4F9AB30215A1C26921970269B9C4218
S32D0001D128F9D8FFF7F0BB079B9DF883200E9406930B9307900F9013901090FEF71FBE229A1092002A40F3E0814C
S32D0001D150079909F001030B4340F0B781109B0B93662619F4806F40F041810B9B23EAE373069378E730238DF8C1
S32D0001D178843058238DF88530079B632B47F0020400F3BF8000230D933BADDDE9141247F481730F931346002B94
S32D0001D1A02746C0F285800B9326F02003069300238B461D93612E00F04081412E7FF485AB22AA0B99584602F0D6
S32D0001D1C80DFA00224FF07F53FBF72AFB02460B46CDE9102300220023FBF78AFD08B101232293AC4B0B93079BDE
S32D0001D1F0CDE912A6CDE91E78DDF82CA0DDE9106703F1FF39AB46109506E00022002309F1FF39FBF771FDE8B958
S32D0001D218A14B002230463946FBF702FB0F460646FBF798FD0446FBF791FA0B46024639463046FBF73DF91AF83E
S32D0001D2400430B9F1FF3FD8464D460BF8013B06460F46DAD130463946924BDDF848A0139ECDF848800022A94689
S32D0001D268DDF87C80109D1E9FCDE91001FBF768FD002855D1DDE91001884B0022FBF738FD08B1E1074CD44B46AB
S32D0001D290002B06DB01335B4430220BF8012B5B45FBD1ABEB0503B94612930F9FFFF731BB26F020030693DDE939
S32D0001D2B814349B4604F100430B932D231D9375E700230793FEF796BC129B169A9A18109B0B92002B40F30981A9
S32D0001D2E067263EE70C990A9828AA02F02BFA00287EF4A3AD229D129B2A9C5D1B0DF1AC08FFF7D8B9079BEC18CA
S32D0001D308FAE60A98591CFDF79FFA0546002800F026810D9039E730238DF88430782329E7129B26930B9B1BF855
S32D0001D330012CD97B8A425B4609D1302003F8010C269B5A1E269213F8012C9142F6D0392A0BBF0B9A0132927ADB
S32D0001D358D2B203F8012CA0E707990B9B0A984C1C26A9049123A9039122A9029102215A460194009100F0CCFA62
S32D0001D3800546B9462C440F9FBAE64546884601333244072BCDE92932C8F80090C8F804607FF7C2AC0C990A9891
S32D0001D3A828AA02F0CBF900287EF443ADDDE929320DF1AC08B6E4079B002B08BF0123079347F480730F93159B05
S32D0001D3D0002BC0F2B180DDF850B00D900B931D90FFF77ABA00230D9365E7672619990B78FF2B00F0B2800024F8
S32D0001D3F8109A204603E001300131FF2B08D0934206DAD21A4B78002BF5D10B780134F4E71991109213900F9434
S32D0001D4200F9A139B1C9913440B9A01FB03230B9323EAE3730693FFF7D7BA22AA0B99584602F0D0F800224FF069
S32D0001D4487F53FBF7EDF902460B46CDE9102300220023FBF74DFC08B101232293104B0B93C1E6109B0B93EEE5BB
S32D0001D470002963D130228DF892200DF19302303302F8013B24ABD31A1A93FFF796BA06F10F02D2B20121FFF728
S32D0001D4984FBA00BFB4240200000030400000E03FA0240200159B384D002BB4BF2D229DF88320364BB8BF8DF897
S32D0001D4C0832027F08007FEF790BD169BD31819440B91662645E60B99584600220023FBF70BFC00287FF406AE9F
S32D0001D4E8079BC3F10103229301E6C3F101031A4422EAE2730B9206936726B0E519F0010F3FF462AAFFF75CBAEC
S32D0001D510079A09F0010959EA020304D10123069366260B939FE5169B01331A4422EAE2730B920693662696E5DF
S32D0001D5380D90BCE60DF192029DE70E9B9AF80160924653F8042B0E9342EAE2720792FEF74FBB00230F9313935D
S32D0001D5605EE7079C0DE70C998B8943F0400213468A81FEF76ABC02231A93FFF71EBA0A9A0C2313604FF0FF33BC
S32D0001D5880893FEF765BC00BF982402009C240200F8B50D461446064610B1836B002B43D0B4F90C20A369A36009
S32D0001D5B0170790B21BD52369CBB1EDB281042F4622D522686169D31A994229DD0133A1680139A160511C2160DC
S32D0001D5D8157062699A422AD0A389DB0701D50A2D25D03846F8BD2146304600F03FF820BBB4F90C20236990B235
S32D0001D600EDB281042F46DCD442F40052A281626E616922F4005262662268D31A9942D5DC2146304601F06AF909
S32D0001D62858B922680123CEE701F098F9B8E72146304601F05FF90028D3D04FF0FF37D0E738B50C46084D8446C3
S32D0001D650114620461A4600232B60644603F02AFC431C00D038BD2B68002BFBD0236038BD4C1B002038B5334B06
S32D0001D6781B6805460C460BB19A6B12B3B4F90C3018079AB225D5216900292DD012F0010007D00020A06060691C
S32D0001D6A04042A06139B1002038BD950758BF6069A0600029F7D1120658BF0846F4D543F04003A3814FF0FF301E
S32D0001D6C838BD184601F04AF9B4F90C3018079AB2D9D4D1062AD5520714D4216943F00803A3819AB20029D1D191
S32D0001D6F002F42070B0F5007FCCD02146284601F057FBB4F90C3021699AB2C3E7216B51B104F14002914204D0D8
S32D0001D718284601F01BFAB4F90C300022226321690022C4E9001223F02403D7E7092243F040032A604FF0FF30E2
S32D0001D740A38138BD280D00202DE9F047DFF87CA00646DAF8000098460F469146FDF764F81B4B1B68D3F8484157
S32D0001D76824B365681F2D26DC5EB96B1C0235DAF80000636044F82570FDF754F80020BDE8F08704EB8501012350
S32D0001D790C1F88890D4F88821AB401A43022EC4F88821C1F80881E4D1D4F88C211343C4F88C31DEE703F5A67431
S32D0001D7B8C3F84841D5E7DAF80000FDF733F84FF0FF30DCE7681500208C240200024B13B1024800F005B8704712
S32D0001D7E00000000089EA0100002301461A461846FFF7AABF2DE9F04F03690C69A34283B0C0F28680013C01F1EA
S32D0001D8081405A30000F11408009355F8243058F8242001338A469A4208EB8401814605EB84070191B2FBF3F69E
S32D0001D83038D30023AE4640469B465EF8041B02681FFA81FC06FB0C33090C4FEA134C06FB01CC99B2ABEB01012D
S32D0001D8581FFA8CF311FA82F1C3EB124202EB214289B241EA0241774540F8041B4FEA1C434FEA224BDDD2009BF5
S32D0001D88058F8033073B9019B043B984504D307E0984504F1FF3403D253F80429002AF7D0C9F8104051464846DB
S32D0001D8A801F074FD00282BDB01364046002355F8041BD0F800C08AB29A1A0B0C12FA8CF2C3EB1C4303EB2243FC
S32D0001D8D092B242EA0342AF4240F8042B4FEA2343E9D258F8242008EB84036AB9043B984504D307E0984504F1E5
S32D0001D8F8FF3403D253F80429002AF7D0C9F81040304603B0BDE8F08F002003B0BDE8F08F2DE9F04F016C99B030
S32D0001D92090469946CDE90489259D044641B1426C4A60012393408B6001F0D0FA00232364B9F1000AB4BF0123F8
S32D0001D94800232B60764BBCBF2AF0004ACDF814A033EA0A0300F0AA80DDE904231046194600220023CDE90A01FD
S32D0001D970FBF7C2F9074670B1249A01231360269B002B00F0E48269481860431E0393039819B0BDE8F08F16AB6D
S32D0001D998019317AB00932046DDE90A2301F0BCFD5FEA1A56054640F09780DDE916763E4406F23240202840F370
S32D0001D9C0B583C0F140000AFA00FA06F2124028FA00F04AEA0000FAF7ADFE0123013EA1F1F8710F93524B002226
S32D0001D9E8FAF766FD48A3D3E90023FAF719FF48A3D3E90023FAF75EFD804630468946FAF7A5FE45A3D3E900236D
S32D0001DA10FAF70AFF02460B4640464946FAF74EFD80468946FBF79AF900228346002340464946FBF76BF9002848
S32D0001DA3840F07C82BBF1160F00F26B823B4B03EBCB03D3E90023DDE90A01FBF75BF9002872D00023BE1B0E93A2
S32D0001DA60731E0BF1FF3B069300F15E8200230993BBF1000F6BDA099BCDF81CB0A3EB0B030993CBF100030D93DB
S32D0001DA88229B092B4FF0000B66D8052B40F34883043B22930026229B023B032B00F26886DFE813F05C0459041F
S32D0001DAB050043304249A42F20F73CAF3130A13605AEA08031AD1269B002B00F064861A4B03930833269A03986A
S32D0001DAD8136019B0BDE8F08FDDE90A12C2F31303084643F07F510F97A6F2FF36169F41F4401173E7269B002BCD
S32D0001DB0040F0EA830D4B039341E700BFAFF3008061436F63A787D23FB3C8608B288AC63FFB799F501344D33FC4
S32D0001DB280000F07FD12402000000F83FF8250200F8240200F4240200BE1B731E069300F185840E900990069B05
S32D0001DB505B44CDE9063B00230D93229B092B98D90023CDE9223301264FF0FF330C960893089B129300216164BA
S32D0001DB78204601F089F90390002800F00186039B2364089B0E2B00F21381002E00F010810799002940F35C8461
S32D0001DBA0AE4B01F00F0203EBC2034FEA2118C905D3E9006740F11484A94BDDE90A01D3E90823FAF75BFFCDE9CF
S32D0001DBC8100108F00F084FF0030AB8F1000F13D0DFF8849218F0010F09D030463946D9E90023FAF71DFE0AF168
S32D0001DBF0010A06460F465FEA680809F10809EDD1DDE9100132463B46FAF738FF804689460E9B43B1934B0022AE
S32D0001DC1840464946FBF776F8002840F030855046FAF794FD42464B46FAF7FAFD8C4B0022FAF740FCA1F15073C7
S32D0001DC40CDE910011193089B002B00F09780079B1493089B13930C9B002B00F0A584139A7E4B8249039E03EB28
S32D0001DC68C20353E902230020FAF704FFDDE91023FAF71EFCCDE9100149464046FBF76AF80746FAF763FD024639
S32D0001DC900B4640464946FAF70FFC3037DDE9102306F8017B80468946FBF730F8002840F02985CDF854B0002784
S32D0001DCB8DDE910AB1095139D13942AE00137AF4280F22C85684B504659460022FAF7A8FD654B002282468B465F
S32D0001DCE040464946FAF7A0FD89468046FBF736F80446FAF72FFD02460B4640464946FAF7DBFB303406F8014B33
S32D0001DD0852465B4680468946FAF7FCFF002840F0F38442464B4651490020FAF7C9FB52465B46FAF7EFFF00289B
S32D0001DD30C8D0DDE91343109D039A079302E0964200F0C884B24616F8013D392BF7D00133DBB23370079B01338D
S32D0001DD580793C8E15046FAF7F9FC42464B46FAF75FFD3F4B0022FAF7A5FBA1F15073CDE9100111933D4B40466C
S32D0001DD8049460022FAF798FBDDE910894B46424606460F46FAF7D8FF8146002840F0AA84DDE91001024601F100
S32D0001DDA8004330463946FAF7ADFF002840F04583179B002BC0F28C80079A0E2A00F38880244B03EBC203D3E90A
S32D0001DDD000AB239B002B1BDA089B002B18DC40F02E83244B002250465946FAF71DFD02460B46DDE90A01FAF7CC
S32D0001DDF893FFDDF820904E46002800F0C782239BDDF80C80DF43C9E2DDE90A7852465B4638464146FAF72EFE61
S32D0001DE20FAF79CFF81460990FAF794FC52465B46FAF7FAFC039E0B46024641463846FAF73BFB09F1300306F8B5
S32D0001DE48013B089B012B00F05C830694012704951C462AE0F8250200D02502000000F03F00001C400000E03F4A
S32D0001DE70000024400000144052465B4640464946FAF7FCFDFAF76AFF0546FAF763FC52465B46FAF7C9FC013777
S32D0001DE980B46024649464046FAF70AFB05F13003A74206F8013B00F02983AC4B0022FAF7B7FC00220023804607
S32D0001DEC08946FAF719FF0028D6D0049D069C079B01330793B2460AE10C9A002A3DD0229A012A40F39C82089B3F
S32D0001DEE803F1FF380D9B4345C0F26D82A3EB0808089B002BC0F23C83069A1A440692099A17461A440992012181
S32D0001DF10204601F08BF8064623E00123BE1B0E93731E06937FF5A2ADC6F101030993002306939DE55846FAF70A
S32D0001DF380DFC42464B46FAF7DBFE00287FF47AAD0BF1FF3B76E5864B0393039819B0BDE8F08FDDF83480099F5B
S32D0001DF600C9E002F0CDD069900290B4608DD099AB942A8BF3B46D21AFF1ACB1A099206930D9BDBB10C9B002B28
S32D0001DF8800F05D82B8F1000F0FDD31464246204601F024F92A4601460646204601F070F829460546204600F0B2
S32D0001DFB095FF0D9BB3EB080240F0D8820121204601F034F8BBF1000F814600F3B480229B012B40F386814FF024
S32D0001DFD8000A0120BBF1000F40F0B580069A104410F01F0000F09380C0F12003042B40F3D283099BC0F11C00BD
S32D0001E00003440244099307440692099B002B05DD29461A46204601F045F90546069B002B05DD49461A46204682
S32D0001E02801F03CF981460E9B002B40F03681089B002B40F31D810C9B002B40F0A080079B01330793DDF80C808F
S32D0001E050DDF820A0012707E0294600230A22204600F046FF0137054649462846FFF7C2FB574500F1300308F8B1
S32D0001E078013BEDDB089A002AC8BF9346039AD8BF4FF0010B93440027294601222046049301F004F94946054675
S32D0001E0A001F078F9002840F3A8811BF8013C039A0BF1FF3B04E05A4500F0AA811BF8013D392B0BF1010AF6D028
S32D0001E0C801338BF800304946204600F003FF56B12FB1B74203D03946204600F0FBFE3146204600F0F7FE2946A9
S32D0001E0F0204600F0F3FE00238AF80030249B079A1A60269B002B3FF442AC0398C3F800A019B0BDE8F08F1C20DF
S32D0001E118099B03440993069B03440744069370E70126B8E4C0F1200008FA00F04FE401465A46204601F052F8ED
S32D0001E140229B012B814640F3B3814FF0000AD9F8103009EB8303186900F01AFFC0F1200040E700BF0000244020
S32D0001E168D0240200314600230A22204600F0BCFE129B002B064640F3E782CDE90783002F00F31A81BAF1000F45
S32D0001E19040F0D581B046049B039F089903F001027B1E1944229B0C92134309910A9349462846FFF71FFB3146AA
S32D0001E1B88346284601F0EAF8424649468246204601F004F9C26801460BF13003002A42D106902846089301F08E
S32D0001E1E0D9F806990490204600F078FE049A089B1AB90A99002900F09B82BAF1000FC0F2638122994AEA010A09
S32D0001E2080C9951EA0A0100F05B81002A00F3B481099A3B7007F1010A9742D34600F0B281294600230A22204654
S32D0001E23000F05EFE4645054631464FF000034FF00A02204612D000F053FE4146064600230A22204600F04CFE4E
S32D0001E25857468046A7E72046049300F03BFE049B0122C6E700F040FE5746064680469AE7229B022B79DC0C9BCD
S32D0001E280002B80D1079B4946013328460793FFF7B1FADDF80CB000F130030BF8013B0027F6E64946284601F000
S32D0001E2A875F80028BFF6C3AE294600230A22204600F01AFE079B03F1FF380C9B0546002B7FF450AF129B002B2C
S32D0001E2D040F335820893B9E6AF4B03930333FFF7F9BBDDE9041200297FF475AEC2F31303002B7FF470AEA94B75
S32D0001E2F81340002B00F0FE81099B01330993069B013306934FF0010A63E601230C93239B079A13441293013343
S32D0001E320012B1F460893B8BF01270021172F61647FF722AC012204235B0003F11400B842114602F10102F7D9CF
S32D0001E348616415E401230C93239B002B4CDD129308931F46E5E700230C93D8E700230C93F2E7129BCDF81C8078
S32D0001E3700893089B002B7FF446AD49460522204600F0B6FD01468146284601F003F800287FF739AD0398079FC3
S32D0001E3983123804600F8013B013703904946204600F098FD7B1CDDF80CA00793CDF80C80002E7FF494AE96E661
S32D0001E3C031463A46204600F06DFF0646DEE60D9BCDF83480A8EB03039B444FF000088BE5DDE90A234FF0020AD7
S32D0001E3E8CDE91023FFF7F1BB012323930893FFF7BBBB03D1049BDB073FF553AEDA461BF8013D302BFAD05EE636
S32D0001E410079B039A013307933123137057E60F9A002A00F0268103F23343069ADDF834801A440692099A1746C8
S32D0001E4381A44099267E54FF000094E46DFE429460D9A204600F0CAFE0546B3E50E9067E500F00F81079A504B14
S32D0001E460564206F00F0203EBC203D3E90023DDE90A01FAF7D9F936118046894600F07181484F00234FF0020A05
S32D0001E488F20706D5D7E90023FAF7CAF90AF1010A0123761007F10807F2D1002B3FF4B4AB80468946FFF7B0BBCD
S32D0001E4B0049B002B7FF449AEDDE90412C2F31303002B3FF418AF40E6002A12DD294601222046049300F0E6FE9B
S32D0001E4D84946054600F05AFF0028049B40F31881392B00F0F9800BF13103BA460AF8013B079B01333746079337
S32D0001E5004646E4E50995069C049D02460B46F9F7D5FF52465B4680468946FAF715FC60B952465B464046494622
S32D0001E528FAF7E6FB00283FF4CEAC099BD9077FF5CAAC039A02E47168204600F0A5FC0746002800F00E813369CC
S32D0001E55002339A0006F10C010C30FCF7ADFC39460122204600F09EFE804614E62946204600F038FE054621E551
S32D0001E578DDE908239F1AC6E4392B00F0AD80BA460133B3E7079A01323746079246467BE5F42402000000F07F72
S32D0001E5A0F8250200D0250200DDF84CA0844901EBCA01DDE9102351E90201FAF735F9CDE9100149464046FAF7CF
S32D0001E5C8C9FB0646FAF7C2F80B46024649464046F9F76EFF039F53463036012B07F8016B8046894600F0AE8073
S32D0001E5F0139E039B1E44734B002240464946FAF713F989468046FAF7A9FB8246FAF7A2F80AF1300A02460B460E
S32D0001E61840464946F9F74CFF07F801ABB74280468946E4D1664B0022DDE91001F9F742FF42464B46FAF766FB4F
S32D0001E640002864D1DDE910235F490020F9F734FF42464B46FAF778FB00283FF4ADABB246013E1AF8013C302B59
S32D0001E668F9D0149B013307933DE5169BC3F13603D7E6DDE90A894FF0020AFFF7C5BA089B002B3FF467AB129BE7
S32D0001E690002B7FF791AB079A013ACDE913324046484B00224946FAF7BFF8804689460AF10100FAF74FF84246E4
S32D0001E6B84B46FAF7B5F8434B0022F9F7FBFEA1F15073CDE910011193FFF7C1BA079B013307933123FFF739BB8C
S32D0001E6E0079BBB4601330793392337460BF8013B4646DCE44FF000094E464BE69A466CE4109D139C149B0133BA
S32D0001E7080793B246EFE4149B039A0793FFF716BB7FF4EBAEDA077FF5E8AEE1E6DDF854B0109D139CFFF744BBE8
S32D0001E730392BD5D0BAF1000F3FF7D9AED9E6229B022B3FF712AECDF81C809BE53E466DE7229B022B3FF709AE0B
S32D0001E758129BCDF81C80089311E54FF0020AFFF753BA194B19483A4640F2EA2101F062F800266664314620460B
S32D0001E78000F086FB039078B9114B124800224FF4D57101F053F8104B0393FFF7F8B83FF434ACC0F13C00B7E466
S32D0001E7A8039B236401224FF0FF33239612930C920893FFF7FDBA00BFF8250200000024400000E03F00001C4088
S32D0001E7D00425020018250200F8240200B1F90C20F8B50C461107074642D4636842F40062002BA28159DDA56A4C
S32D0001E7F8002D54D000233E683B6093B212F4805253D1E16901233846A847421C63D0A389A56A5B0705D563684E
S32D0001E820C01A236B0BB1E36BC01AE169024600233846A847411C3ED13B68002B3BD01D2B01D0162B52D1A3896D
S32D0001E8482269226023F4006300216160A381216B3E6021B304F14003994202D0384600F075F900202063F8BDFD
S32D0001E8702669C6B193B2256826609A070CBF63690023AD1BA3600CE0D4F824C0E1692B4632463846E047B0F1E0
S32D0001E898000CA5EB0C05664416DD002DF0DC0020F8BDE36B002BA2DCF9E7206DB1E7B4F90C302269226023F430
S32D0001E8C00063A3810022DB046260C4D52065C2E7A38943F040034FF0FF30A381F8BD3B68002B98D01D2B06D0DB
S32D0001E8E8162B04D0A38943F04003A381F8BD3E60D5E700BF38B50C46054608B1836BA3B1B4F90C00B8B1636EE0
S32D0001E910DB0701D4810515D528462146FFF75EFF636EDA07054602D4A3899B050ED5284638BD00F017F8B4F9F8
S32D0001E9380C000028E7D10546284638BDA06DFBF76FFFE5E7A06DFBF76DFF284638BD00BF014900F001BA00BF9C
S32D0001E96025F901002DE9F04782463948FBF75CFFDAF83840002C66D1DAF80450354ACAF83C200323CAE9B84342
S32D0001E988DFF8CC90DFF8CC80334F344E04230AF53B72CAF8E8222146C5E90243C5E90044C5E904446C66082229
S32D0001E9B0AC6105F15C00FCF795FBC5E90759C5E90987EE6205F15800FBF72AFFDAF80850254BEB602146C5E957
S32D0001E9D80044C5E904446C66AC60AC61082205F15C00FCF77BFBC5E90759C5E90987EE6205F15800FBF710FF1B
S32D0001EA00DAF80C50194BEB602146C5E90044C5E904446C66AC60AC61082205F15C00FCF761FB05F15800C5E909
S32D0001EA280759C5E90A76C5F82480FBF7F5FE0123CAF838300448BDE8F047FBF7F3BEBDE8F0470148FBF7EEBE0F
S32D0001EA50141B002059E9010055F6010079F60100B9F60100D9F6010009000100120002000148FBF7D9BE00BF1A
S32D0001EA78101B00200148FBF7D5BE00BF101B002038B5084B084D5B1B9C1007D0043B1D44013C55F80439984778
S32D0001EAA0002CF9D1BDE8384003F0E4BE0000000000000000F8B5244F0C460646FCF764FBBA685568C4F57E6316
S32D0001EAC80F3325F003052B4423F47F6323F00F03A3F58054B4F5805F07DB00213046FCF78DFDBB682B449842DD
S32D0001EAF004D03046FCF74EFB0020F8BD61423046FCF780FD01300DD0104ABB682D1B45F001055D601368304657
S32D0001EB181B1B1360FCF73AFB0120F8BD00213046FCF76CFDBA68831A0F2BDEDD43F001035360054B03491B6877
S32D0001EB40C01A0860D5E700BF58110020181B002060150020002961D0F8B50C460646FCF713FB54F8042C7B4F8C
S32D0001EB68A4F1080522F0010105EB010CB868DCF80430604523F0030300F08B80D207CCF8043032D454F8082C93
S32D0001EB90AD1A1144AA6807F1080082426AD00CEB0304D4F804E0EC68D4601EF0010FA26000F0978041F0010398
S32D0001EBB86B60CCF80010B1F5007F35D27A68CB0848090121013381401143796007EBC30257F83310083AC5E9E0
S32D0001EBE0021247F83350CD603046BDE8F840FCF7D1BA0CEB03025268D00710D4194407F10800DCF80830834293
S32D0001EC0873D0DCF80C20DA60936041F001036B606950D0E7704741F00103B1F5007F44F8043CCCF80010C9D300
S32D0001EC30B1F5206F4FEA512348D28B0903F1390003F13802C300F818FB580838984259D05A6822F003028A42BC
S32D0001EC5802D99B689842F7D1D868C5E902308560DD603046BDE8F840FCF790BA0CEB03025268D20763D40B4426
S32D0001EC80DCE90212CA60916043F001026A603046EB50BDE8F840FCF77DBA0B44D10707D454F8082CAD1A134419
S32D0001ECA8D5E90212CA60916043F001026A60284ABD6012689A4293D8264B30461968FFF7F5FE8DE7142B0AD919
S32D0001ECD0542B1FD80B0B03F16F0003F16E02C300B1E719448DE703F15C0003F15B02C300A9E741F00103C7E9BD
S32D0001ECF80455C5E902006B60695071E779689210012404FA02F20A437A60A6E7B3F5AA7F06D8CB0B03F17800C9
S32D0001ED2003F17702C3008EE740F25452934206D88B0C03F17D0003F17C02C30083E74FF47E737E227FE741F082
S32D0001ED4801036B60CCF800104AE700BF5811002064150020481B00202DE9F8430746884600F538764FF000090D
S32D0001ED70D6E90154013D11D4A389012B05F1FF3508D9B4F90E300133214603D03846C04749EA00096B1C04F144
S32D0001ED986804EDD13668002EE6D14846BDE8F883004870475C1600202DE9F0418B890C46990796B008D504F1FB
S32D0001EDC043030122C4E90432236016B0BDE8F081B4F90E100029064627DB6A4600F01CFE002821DB019D05F4C2
S32D0001EDE87045A5F50055B5FA85F54FF480686D094FF4006741463046FBF726FDB4F90C30F0B1204AF26343F056
S32D0001EE108003C4F81480A3812060206135BB3B43A38116B0BDE8F081A38913F0800519D04FF04008414630464C
S32D0001EE38FBF70AFD0025B4F90C302F460028E0D19A05BED423F0030304F1430243F002030121C4E90421A38182
S32D0001EE602260B2E74FF480682F46C7E7B4F90E10304600F0E7FD10B9B4F90C30CFE7A38923F0030343F0010321
S32D0001EE881BB2C8E759E90100C36C70B505460C464BB153F8240080B1026843F824200023C0E9033370BD2122B4
S32D0001EEB0042100F0E3FC0346E8640028EDD1002070BD012101FA04F6721D9200284600F0D5FC0028F3D0C0E97C
S32D0001EED80146E4E731B1C36C4A6853F82200086043F82210704700BF2DE9F0410D6907460E461C4601F1140EAA
S32D0001EF000020DEF800108BB202FB03434FEA134C090C02FB01CC01309BB203EB0C4385424EF8043B4FEA1C4445
S32D0001EF28EBDC3CB1B368AB4207DD06EB850301355C6135613046BDE8F081716838460131FFF7A2FF8046A8B14D
S32D0001EF503269023206F10C0192000C30FBF7ACFFFB6C726853F82210316043F82260464606EB850301355C6150
S32D0001EF783561DFE7024B03484246B52100F05AFC0425020074250200020C12040346CAB90304102013F07F4F14
S32D0001EFA004BF1B02083013F0704F04BF1B01043013F0404F04BF9B000230002B05DB13F0804F00F1010008BF9D
S32D0001EFC8202070470020E5E70368024613F0070007D0D9071DD498071FD55B0813600120704799B209B91B0C5D
S32D0001EFF01020D9B209B908301B0A190704BF1B090430990704BF9B080230D90703D45B0800F1010003D0136053
S32D0001F018704700207047202070479B0813600220704700BF38B5C36C04460D464BB15868B0B102685A6000227A
S32D0001F0400123C0E90435C26038BD2122042100F015FC0346E0640028EDD1094B094800224FF4A07100F0EAFBB8
S32D0001F0681C220121204600F005FC0028F1D001220223C0E90123DEE704250200742502002DE9F04F0E691569EF
S32D0001F090AE4285B08846144605DB2A46234635460C4616469846A3686168AF19BB42B8BF0131FFF7EDFE019090
S32D0001F0B8002800F08780019B03F1140909EB870AD14505D24B46002243F8042B9A45FBD808F1140808EB860B83
S32D0001F0E004F11403D8451A4603EB85055FD22B1B153B23F0030304331534A54238BF0423CDE902A7AC461F46E5
S32D0001F108924605E0000C29D1C34509F1040948D958F8040B85B2002DF4D056464C46002356F8040B216882B2F3
S32D0001F1301FFA81FE05FB02EE000C0A0C734405FB002202EB13429BB243EA0243B44544F8043B4FEA1243E7D86B
S32D0001F15849F8073058F8040C000CD5D0D9F80030544619464D4600222688090C00FB06110A449BB243EA02436E
S32D0001F18045F8043B54F8046B2968360C8BB200FB063303EB1243A4454FEA1342E8D8C34549F8073009F10409E4
S32D0001F1A8B6D8DDE902A7002F02DC05E0013F03D05AF8043D002BF9D0019B18461F6105B0BDE8F08F034B0448C2
S32D0001F1D0019A40F25D1100F031FB00BF042502007425020012F003032DE9F0411446064632D10D46A41020D045
S32D0001F1F8D6F84880B8F1000F33D0E3074FF0000707D4641015D0D8F80000A8B18046E307F7D542462946304621
S32D0001F220FFF732FFB5B16968F36C641053F821202A6043F821500546E9D12846BDE8F081424641463046FFF7C8
S32D0001F2481FFFC8F8000007608046E0E70546D8E7013B0F4A52F823200023FFF745FE0546C4E701213046FFF7B9
S32D0001F2700FFE804640B1012340F27122C0E904320023B0640360BCE7044B054842464FF4A07100F0D3FA00BFB2
S32D0001F298C026020004250200742502002DE9F0470C4690462669A368496806EB6216751C9D4207464FEA6219FF
S32D0001F2C004DD5B009D4201F10101FADC3846FFF7DFFD8446002851D0B9F1000F00F114000EDD09F105024FEAF4
S32D0001F2E8820E03460CEB8202002143F8041B9342FBD1AEF114031844216904F1140318F01F0803EB81012DD043
S32D0001F310C8F1200986464FF0000A1A6802FA08F242EA0A024EF8042B53F8042B994222FA09FAF2D80B1B153BFE
S32D0001F33823F00303043304F11502914238BF0423BAF1000F18BF2E4640F803A0FB6C6268CCF8106053F8221097
S32D0001F3602160604643F82240BDE8F087043853F8042B40F8042F9942F9D8EBE7034B0448624640F2D91100F0B1
S32D0001F38859FA00BF04250200742502000B6984460069C01A15D10CF1140C14310CEB830210B401EB830301E022
S32D0001F3B0944508D252F8044D53F8041D8C42F7D004D24FF0FF3010BC70477047012010BC704700BF2DE9F84FA1
S32D0001F3D80F691369FF1A002F0E4690467AD101F11405143202EB830205EB830301E09D4273D253F8041D52F861
S32D0001F400044DA142F7D064D37168FFF741FD8146002872D03569D8F81020C76008F1140E06F1140009F1140A6A
S32D0001F42806F1100C0EEB820200EB8507564600215EF8044B5CF804BFA3B211FA8BF1CB1A210CC1EB1B4101EB53
S32D0001F45023419BB243EA0143724546F8043B4FEA2141E9D8A2EB0804153C08F11508424524F0030606F1040636
S32D0001F47838BF0426304424F0030238BF002287425244B24416D95646044654F8043B11FA83F10A1402EB13420A
S32D0001F4A089B241EA0243A74246F8043B4FEA2241EFD87A1E101A20F00302524423B952F8043D013D002BFAD0C2
S32D0001F4C8C9F810504846BDE8F88F334601274646984695E7F9DB002792E70021FFF7D4FC814668B10122002332
S32D0001F4F0C9E904234846BDE8F88F074B07484A464FF4107100F09AF9034B04484A4640F2322100F093F900BFF8
S32D0001F518042502007425020070B5012182B016461D46FFF7B1FC044600284BD02B46C5F30A55C3F313030DB184
S32D0001F54043F48013002E019322D068460096FFF73FFD002836D0019B0099C0F1200203FA02F20A43C34001939D
S32D0001F5686261002B14BF02210121A3612161ADB1069AA5F2334303441360079BC0F135001860204602B070BDDE
S32D0001F59001A8FFF71DFD019B0121C4E904132030002DE9D104EB8102A0F232431069069A1360FFF7EDFC079B54
S32D0001F5B8C0EB41112046196002B070BDDDE900236261CEE7034B0448224640F20A3100F031F900BF0425020095
S32D0001F5E074250200DFF860C0F8B521F000430027634504460D461646176022DC844653EA0C0C1ED0DFF844C044
S32D0001F60801EA0C0C0A46BCF1000F09D10E4B0022F9F706F96FF0350704460A4621F0004322F0FF421B1522F45E
S32D0001F630E002A3F2FE3342F07F553B4445F40015336020462946F8BDFFFFEF7F0000F07F0000504310B50C468E
S32D0001F658B1F90E1000F036FA002803DB236D0344236510BDA38923F48053A38110BD00BF2DE9F0410C46B1F960
S32D0001F6800C101F46CB05054616460BD421F48051A1813B46B4F90E1032462846BDE8F041FDF7D2BFB4F90E1024
S32D0001F6A80223002200F0E2F9B4F90C10EAE700BF10B50C46B1F90E1000F0D8F9A389421C0EBF23F4805343F4B0
S32D0001F6D080532065A38110BDB1F90E1000F00AB930B540EA0104A30701D1032A0FD8844601F1FF3E07E01EF8AD
S32D0001F6F8011F03F8011B541EC1B19C4622466346002AF4D130BD0B468446194653F8045BA5F1013424EA0504F3
S32D0001F72014F0803FE4D1043A032A4CF8045B1946EFD8DDE76244002CE8D003F8011B9342FBD130BD2DE9F04FC6
S32D0001F748936883B09146002B6DD017688D6880460C460868083743E0A38913F4906F2ED0D4E90415A0EB010A2B
S32D0001F77005EB450505EBD5750AEB06006D100130A8422A4684BF05462A465B0536D511464046FBF75DF800283E
S32D0001F7983AD0524621690190FBF78AFBA289019B22F4906242F08002A281A5EB0A0203EB0A006561A260236188
S32D0001F7C020603546B24659465246FBF70FFCD9F80830A16820684D1B50449E1BA5602060C9F808601EB30837E6
S32D0001F7E857E902B6002EFAD0B542AA46B4D93546B246E4E74046FBF715FD03460028D4D121694046FFF7A2F90F
S32D0001F8100C23C8F80030A389002243F040034FF0FF30A381C9E9012203B0BDE8F08F0020C9F8040003B0BDE86B
S32D0001F838F08F00BF00B50B4C25681446EE681A4685B003460D464CB107490095CDE901143046064900F0C8F8C7
S32D0001F860FAF758FD04490C46F3E700BF280D0020CC260200DC260200D826020038B5A1FB02148CBBFAF7E4FFF4
S32D0001F8880546E0B150F8042C22F00302043A242A17D8132A1AD91B2AC0E900441DD9242A14BF00F1100200F1FE
S32D0001F8B018024FF00003C0E9024404BF04614461C2E900339360284638BD2146FBF70AFC284638BD02460023B0
S32D0001F8D8C2E900339360284638BD00F10802F6E700F016F80C2300250360E8E738B5074D0022044608462A60EC
S32D0001F90001F092FA431C00D038BD2B68002BFBD0236038BD4C1B0020014B1868704700BF280D002070B50029CA
S32D0001F9284BD006460C4610B1836B002B48D0636ED80734D5B4F90C30002B3ED021463046FEF748FFE36A054679
S32D0001F95033B1E169304698470028B8BF4FF0FF35A3891A063BD4216B41B104F14003994202D03046FFF7EEF8E3
S32D0001F97800232363616C21B13046FFF7E7F800236364FFF771F8636E0022DB07A28127D5A06DFAF743FFFFF75A
S32D0001F9A06DF8284670BDA3899905CBD4A06DFAF73BFFB4F90C30002BC4D1656E15F0010508D00025284670BD78
S32D0001F9C8FEF7CCFF636ED807B4D4E8E7A06DFAF729FF284670BD21693046FFF7B7F8BEE7A06DFAF71FFFD3E768
S32D0001F9F00EB410B583B005AB064C53F8042B01930146206800F0B4F803B0BDE8104003B0704700BF280D00208D
S32D0001FA1870B50C46084D03460026204611461C462E6001F005FA431C00D070BD2B68002BFBD0236070BD00BF93
S32D0001FA404C1B002038B5074D0022044608462A6001F002FA431C00D038BD2B68002BFBD0236038BD4C1B0020F2
S32D0001FA68014B93F8280170476C15002038B50C46084D8446114620461A4600232B60644601F0F6F9431C00D035
S32D0001FA9038BD2B68002BFBD0236038BD4C1B002082B049B15AB16BB113780B601278101E18BF012002B0704768
S32D0001FAB801A9002AF3D1104602B070476FF00100F4E700BF38B50C46084D8446114620461A4600232B606446FB
S32D0001FAE001F0D2F9431C00D038BD2B68002BFBD0236038BD4C1B00202DE9F84F4B6E9C0490462DD5936812688C
S32D0001FB0843B38B46064602F1080959E9025A5FEA9A0715D0043D002401E0A7420ED055F8041F5A46304600F0C7
S32D0001FB3091FF431C04F10104F3D10023C8E90133BDE8F88FD8F808302AF0030AA3EB0A03C8F8083009F10809F8
S32D0001FB58002BDAD10020ECE7FAF762FC0023C8E90133BDE8F88F00BF2DE9F04FBDB0CDE904301C460191174676
S32D0001FB8018B1836B002B00F08682019A536EDE0740F18F81B2F90C108AB2900408D441F4005201994B6E8A81A2
S32D0001FBA823F4005392B24B66110740F1F780019B1B69002B00F0F28002F01A030A2B00F0FB8013AB109300232F
S32D0001FBD0CDE91133CDE90A3308930DF14C09099303933B78002B00F051813C4604E014F8013F002B00F02C81DF
S32D0001FBF8252BF8D1E51B40F029812378002B00F041814FF0000300258DF83B30671C637802954FF0FF3B2B245F
S32D0001FC200137A3F120025A2A00F25281DFE812F098025001500194025001500150016A005001500136026B023F
S32D0001FC4850014102A6025001A2025B005B005B005B005B005B005B005B005B0050015001500150015001500143
S32D0001FC70500150015001230284005001500150015001500150015001500150015001DD005001500150010702C6
S32D0001FC9850015902500150011E0550015001500150015001500150015001500150012302860050015001500104
S32D0001FCC04F02860080005001450250018102DF006F028000500107027E003E0550015001400550017E00A3F11D
S32D0001FCE83002002117F8013B01EB810102EB4101A3F13002092AF5D902918EE7DDF814804046FFF74DF843680E
S32D0001FD100A931846FBF774FE0B9006464046FFF743F883680993002E40F07B843B7877E73B7845F0200573E76B
S32D0001FD3845F01005AC06049E40F16F81073626F007063246736852F8086B04929846002BC0F22D84BBF1FF3F81
S32D0001FD6000F0108556EA080325F0800A00F008840A2E78F1000380F0BD84303601238DF8EF60554600930DF1AA
S32D0001FD88EF04DDF800809DF83B30D845B8BFD846002B00F0A88008F10108A4E0019D05982946FDF763FC002864
S32D0001FDB040F08885AA8902F01A030A2B7FF405AF0199B1F90E30002BFFF6FFAE4B6EDE0702D4950540F15685E0
S32D0001FDD80199059823463A463DB0BDE8F04F00F093BD45F0100515F0200800F00781049E073626F00706334661
S32D0001FE00D6F8048053F8086B049325F4806A00234FF000028DF83B20BBF1FF3F00F0C88156EA08022AF08005D9
S32D0001FE2840F0C181BBF1000F40F0AB84002B40F0A8831AF00103009300F0D68330238DF8EF300DF1EF049CE744
S32D0001FE50E51B1BD0119B129A01332A44072BC9E900751292119305DC09F10809039B2B440393C6E6002A00F0A8
S32D0001FE787F830199059810AAFFF73AFE40B90DF14C09EFE7129B002B40F0098500231193019A536ED90740F14E
S32D0001FEA0A68093895B0600F1198503983DB0BDE8F08F019BB3F90C108D058AB23FF56DAE1D46986DFAF7B0FCCF
S32D0001FEC8B5F90C108AB264E6002BDBD08DF88C304FF001084FF000038DF83B30CDF8008023AC4FF0000B15F0C7
S32D0001FEF00203069318BF08F1020815F08403079305D1029BA3EB0806002E00F36C82DDE91121501C9DF83B6093
S32D0001FF188EB10DF13B020131C9F8002007284FF00102CDE91101C9F8042000F33B82024609F108090130069B3A
S32D0001FF40DBB10FAB0231C9F8003007284FF00203CDE91101C9F8043040F34082002900F006830199059810AA70
S32D0001FF68FFF7C6FD002893D1DDE911210DF14C09501C079B802B00F05881009BABEB0306002E00F3B681009B2B
S32D0001FF90C9F8004019440728CDE91101C9F8043040F34481002900F072820199059810AAFFF7A2FD00287FF4D2
S32D0001FFB86FAF12990DF14C09680705D5029BA3EB0804002C00F36982DDE902234245ACBF9B184344039300299E
S32D0001FFE040F0D581002311930DF14C09F9E5019B9B899A053FF556AF019CA06DFAF716FCA3894FE715F01003B5
S32D0002000840F0238315F0400200F0EB83049A52F8046B04929846B6B2F3E656F8043B0496E80600F1ED8269065D
S32D0002003040F1E78243F3C0381EB243468BE6049E56F8044B4FF000038DF83B30002C00F0B183BBF1FF3F00F073
S32D000200582E835A4600212046FAF7A6FE002800F01284031B009304964FF0000B89E6049E4FF000038DF83B3085
S32D000200804FF0010856F8043B8DF88C300496CDF8008023AC29E7FEF765FC76E5049B53F8042B0292002A80F282
S32D000200A89F82029A0493524202923B7845F00405B2E53B786C2B03BF7B7845F02005013745F01005A8E53B7809
S32D000200D0682B03BF7B7845F40075013745F040059EE545F0100A1AF0200800F05582049E073626F00706334612
S32D000200F8D6F8048053F8086B0493012384E63B788DF83B4088E5049B53F8046B049330238DF83C3078238DF82F
S32D000201203D30B94B089345F0020A4FF0000802236EE6AE0600F18382EC0600F13383680600F19283A90540F10C
S32D000201482D83049E039A56F8043B04961A7044E53B7845F001055FE59DF83B30002B7FF4E1AD20238DF83B302D
S32D000201703B7855E53B7845F0800551E5394611F8013B2A2B00F0B383A3F13002092A0F464FF0000B3FF645ADD1
S32D0002019817F8013B0BEB8B0B02EB4B0BA3F13002092AF5D939E5AA46012B3FF4DDAD022B3CAC12D1089A06F0CF
S32D000201C00F033609D35C04F8013D46EA08764FEA181856EA0803F2D13CAB1B1B55460093D3E506F00703F6082F
S32D000201E846EA48764FEAD808303356EA0801224604F8013DF1D11AF0010FE9D0302BE7D03023023A04F8013C23
S32D000202103CAB9B1A554600931446B6E50099139401231491129111930DF14C0909F10809C6E6029BA3EB08066C
S32D00020238002E7FF7A2AE102E40F35183DFF8C4A15346CDE906B4BA46DDF814B0019C2F461D4607E002F1020C22
S32D0002026009F108090246103E102E1EDD501C103110230728CDE91101C9F80050C9F80430ECDD10AA002900F01B
S32D000202888B80214658460DF14C09FFF731FC00287FF4FEADDDE91121103E102E02F1010CE0DCDDE906B42B4649
S32D000202B03D4657469A463144BCF1070FCDE911C1C9F800A0C9F8046040F39581002900F0BB820199059810AA48
S32D000202D8FFF70EFC00287FF4DBAD009BDDE91121ABEB0306002E02F101000DF14C097FF74AAE102EDFF80CA1FC
S32D0002030031DD5346CDE90645BA46059C019D4FF0100B1F4607E002F1020C09F108090246103E102E19DD501CFE
S32D0002032810310728C9E9007BCDE91101EFDD10AA19B3294620460DF14C09FFF7D9FB00287FF4A6ADDDE9112116
S32D00020350103E102E02F1010CE5DCDDE906453B46604657469A4631440728CDE91101C9F800A0C9F8046000F396
S32D00020378E68009F10809013005E64FF0010C0A460DF14C09C8E70199059810AAFFF7B0FB00283FF423AE7BE50C
S32D000203A04FF0010C0A460DF14C095CE7002900F0DB800199059810AAFFF79EFB00287FF46BADDDE911210DF15E
S32D000203C84C09501CB7E502210FAB1491139301200DF14C09024609F10809501CC9E5102E40F35782DDE911C1BD
S32D000203F0DFF81CA0CDE90CB410235446DDF804B0DDF814A062460DE0A02402002C2802001C28020002F1020CFD
S32D0002041809F108090246103E102E1BDD501C10310728C9E90043CDE91101EFDD10AA21B3594650460DF14C0962
S32D00020440FFF75AFB00287FF427ADDDE91121103E102E02F1010C4FF01003E3DCA246DDF830B00D9C62463144DA
S32D00020468072ACDE91121C9F800A0C9F8046000F3A78009F10809501C48E50A464FF0010C0DF14C09C7E76C07F7
S32D00020490119150D5029BA3EB0804002C4BDD0DF14C09102C40F30982DFF8ECA2119A059EDDF804B05346102593
S32D000204B8BA461F4606E0901C09F108091A46103C102C19DD531C1031072BC9E90075CDE91131F0DD10AA29B3D0
S32D000204E059463046FFF708FB00287FF4D5ACDDE91121103C102C02F101000DF14C09E5DC3B4657469A462144D7
S32D000205080728C9E900A4CDE911017FF75DAD71B10199059810AAFFF7EBFA00287FF4B8AC129951E501200A46B7
S32D000205300DF14C09C7E7DDE902234245ACBF9B18434403934EE500293FF468AE0199059810AAFFF7D1FA00286E
S32D000205587FF49EAC1198129901300DF14C0912E5069B002B77D101200A460DF14C0900E511920DF14C0975E4DB
S32D00020580BBF1000F7FF4F9AB55464FF0000BCDF800B03CACFFF7F9BB1AF010033AD11AF0400200F01381049AF7
S32D000205A852F8046B04929846B6B201232CE42D2376428DF83B3068EB4808AA46012327E400297DD001990598F3
S32D000205D010AAFFF791FA00287FF45EACDDE911210DF14C09501C95E404933B78FFF718BB3CACFFF7CABB09F17B
S32D000205F808090CF101006246BFE4AA0500F138814FEAE3781E464346FFF7A1BB049B53F8046B04930123FFF743
S32D00020620F7BB099B002B3FF481AB099B1B78002B3FF47CAB3B7845F48065FFF7F1BADDE9031656F8042B0496A6
S32D00020648CB17C2E90013FFF7C8BA049B53F8046B0493FFF7D6BB02210FAB149113930DF14C09B8E64B4A0892AB
S32D0002067015F0200836D0049E073626F007063246D6F8048052F8086B0492EA0709D556EA080206D08DF83D3027
S32D00020698302345F002058DF83C3025F4806A0223FFF7B2BBAA461AE53B4A0892DCE720460496FBF7A1F94FF08B
S32D000206C0000B0090FFF761BB9DF83B20002A00F0C18001200DF13B02149013920DF14C09014628E415F01002B0
S32D000206E842D0049A52F8046B0492CAE70AF48063CDF800B0CDF81890BB46DDF8249000253CAC1F4609E0304614
S32D00020710414600F007FA0A2E78F100031BD306468846304641460A22002300F0FBF91146303104F8011C0A2268
S32D000207380023013C0135002FE5D099F80010A942E1D1FF2DDFD00A2E78F1000364D23CAB1B1BCDF824905F46E9
S32D00020760DDF81890DDF800B000935546FFF70DBB15F0400147D0049951F8046B04919046B6B282E7AA46FFF7A7
S32D00020788F3BA012BAA467FF412ADFFF7F2BA00BF1C280200B4240200A0240200049E039A56F8043B1A6004961F
S32D000207B0FFF717BABBF1060FD84628BF4FF00608504CCDF800800496FFF78FBB049B1AF4007814BF53F8046BD2
S32D000207D853F8046B04931CBF9046F6B20123FFF713BB049B15F4007814BF53F8046B53F8046B04931CBF9046B0
S32D00020800F6B2FFF702BB049A15F4007814BF52F8046B52F8046B04921CBF8846F6B234E70B9B0A99E41A1A4660
S32D000208282046FEF759FF99F801300BB109F10109304641460A220023002500F06FF96AE701200A460DF14C098D
S32D00020850FFF797BB069B002B7FF4B9AD0A4601200DF14C09FFF78DBB049E039A56F8043B04961A80FFF7B5B925
S32D0002087843F3C0185EB24346FFF769BA886DF9F7D1FFFFF7A5BACDF800B004968346FFF778BA119A1299DFF859
S32D000208A068A00132DFE50199059810AAFFF724F900283FF4EFAAFFF7EFBA1198DFF848A0013020E6019B5B6E8E
S32D000208C8DB0707D4019B9B899F0503D4019B986DF9F7A8FF4FF0FF330393FFF7E2BADFF824A08446E3E4049A6D
S32D000208F07B780F4652F8041B049241EAE17BFFF78FB900BFC82402001C2802002C280200F0B51F468B89ADF2C6
S32D000209186C4D23F00203ADF80C304B6E1993CB89ADF80E30CB6907934B6A09931AAB009304934FF480631546D2
S32D0002094006460293059316A800230C460693F9F767FF2A463B4669463046FFF709F9051E07DB69463046FDF7C0
S32D00020968C9FF002818BF4FF0FF35BDF80C305B0603D5A38943F04003A3811698F9F74EFF28460DF26C4DF0BD77
S32D0002099049B1FF2A02D80A70012070478A2303604FF0FF3070470846704700BF2DE9F04383B0074688461446FE
S32D000209B8FFF756F8012803D108F1FF33FE2B37D9424604F15C0301A9384600F073F8421C064633D038B39DF8DE
S32D000209E004C00DF10509002509E023685A1C226083F800C00135B54219D219F801CBA368013B002BA360F0DA17
S32D00020A08D4F818E0734561462246384602DBBCF10A0FE6D1FCF7BCFD431CE7D10646304603B0BDE8F08346467F
S32D00020A30304603B0BDE8F0835FFA88FC8DF804C00646CEE7A389304643F04003A38103B0BDE8F08330B5536E81
S32D00020A5813F0010FB2F90C30144683B005469AB201D198051CD5900406D4626E43F4005342F40052A3816266B4
S32D00020A8022462846FFF792FF636EDA07054602D4A3899B0502D5284603B030BDA06DF9F7C5FE284603B030BD97
S32D00020AA8A06D0191F9F7BCFEB4F90C3001999AB2D9E700BF70B5054684B01C4639B10B4ED6F8E060B047431CDA
S32D00020AD009D004B070BD0A460649D1F8E06001A9B047431CF5D100228A2322602B6004B070BD00BF6C150020B1
S32D00020AF84FEA410C7FEA6C5C02D150EA013C0AD14FEA430C7FEA6C5C02D152EA033C02D14FF0000070474FF0E3
S32D00020B200100704753B94AB9002908BF00281CBF4FF0FF314FF0FF3000F074B9ADF1080C6DE904CE00F006F829
S32D00020B48DDF804E0DDE9022304B070472DE9F047089E0D4604468846002B4DD18A42944668D9B2FA82F252B1BD
S32D00020B7001FA02F3C2F1200120FA01F10CFA02FC41EA030894404FEA1C45210CB8FBF5FE1FFA8CF705FB1E83CD
S32D00020B9841EA03430EFB07F199420BD91CEB03030EF1FF3080F01E81994240F21B81AEF1020E63445B1AA4B2E8
S32D00020BC0B3FBF5F005FB103344EA034400FB07F7A7420AD91CEB040400F1FF3380F00881A74240F20581644481
S32D00020BE80238E41B40EA0E4000211EB1D4400023C6E90043BDE8F0878B4208D9002E00F0EE800021C6E90005E8
S32D00020C100846BDE8F087B3FA83F100294AD1AB4202D3824200F2F980841A65EB030301209846002EE2D0C6E972
S32D00020C380048DFE702B9FFDEB2FA82F2002A40F09180A1EB0C054FEA1C471FFA8CFE0121B5FBF7F307FB13505E
S32D00020C60250C45EA00450EFB03F0A84208D91CEB050503F1FF3802D2A84200F2CB8043462D1AA4B2B5FBF7F004
S32D00020C8807FB105544EA05440EFB00FEA64508D91CEB040400F1FF3502D2A64500F2BB802846A4EB0E0440EA32
S32D00020CB003409EE7C1F120078B4022FA07FC4CEA030C20FA07F405FA01F31C43FD404FEA1C4900FA01F3B5FB64
S32D00020CD8F9F8200C1FFA8CFE09FB185540EA054508FB0EF0A84202FA01F20BD91CEB050508F1FF3A80F08880CE
S32D00020D00A84240F28580A8F1020865442D1AA4B2B5FBF9F009FB105544EA054500FB0EFEAE4508D91CEB050553
S32D00020D2800F1FF346CD2AE456AD90238654440EA0840A0FB0294A5EB0E05A542C846A64656D353D05EB1B3EB00
S32D00020D50080265EB0E0505FA07F722FA01F3CD401F43C6E900750021BDE8F087C2F1200320FA03F10CFA02FC41
S32D00020D7825FA03F395400D434FEA1C471FFA8CFEB3FBF7F107FB11302B0C43EA004301FB0EF0984204FA02F48A
S32D00020DA008D91CEB030301F1FF382FD298422DD9023963441B1AADB2B3FBF7F007FB103345EA034500FB0EF368
S32D00020DC8AB4208D91CEB050500F1FF3816D2AB4214D902386544ED1A40EA014138E73146304607E78646E5E64B
S32D00020DF01846FAE64B45A9D2B9EB020864EB0C0E0138A3E74046EAE7204694E74146D1E7D0467BE7023B6544DB
S32D00020E1832E7084609E76444023842E7704700BF024B58221A604FF0FF3070474C1B0020024B58221A604FF065
S32D00020E40FF3070474C1B0020024B58221A604FF0FF3070474C1B0020024B58221A600020704700BF4C1B0020CA
S32D00020E68024B58221A604FF0FF3070474C1B0020024B58221A604FF0FF3070474C1B0020024B58221A604FF000
S32D00020E90FF3070474C1B0020044A05491368002B08BF0B461844106018467047501B0020541B0020024B5822A9
S32D00020EB81A604FF0FF3070474C1B0020FEE700BF0000000040787D0100D8B80500000000000000010000090269
S32D00020EE000001A03000000040000020500001A0600001B0700001A08000009090000090A00001A0B0000DB0C25
S32D00020F0800001A0D000000000000000F00001A1000001A1100001A120000000000001A140000000000001A16A4
S32D00020F3000001A1700001A1800001A1900001A1A00001A1B00001B1C00001B1D00001A1E0000000000001A20B1
S32D00020F5800001A2100001A2200001A2300001A2400001A2500001B260000022700001A280000022900001B2A1C
S32D00020F80000000000000000000000000000000000000000000000000000000000000000000001A3300001A34A6
S32D00020FA800001A350000000000001A3700001B3800000000000000000000000000001B3C00001B3D0000000077
S32D00020FD000000000010101010101010102020202020200000000000000000000000404040404030301010101BF
S32D00020FF801010101000001010101010000010100000101000000000001000000000000000B0000000A000000A6
S32D000210200700000006000000050000000400000001000000000000000000000001000000080000000900000077
S32D000210480A0000000B00000011000000100000000F0000000E0000000D0000000C0000000B0000000A000000F7
S32D0002107009000000080000000700000019000000180000001A0000001B0000001C0000000100000006000000AF
S32D000210980F0000000E0000000D0000000C0000000B0000000A00000009000000080000000E0000000F000000AF
S32D000210C004000000050000000600000007000000110000000100000014000000010000001400000000000000AF
S32D000210E81300000000000000130000000B0000000A000000120000001100000010000000100000000400000056
S32D000211100500000007000000060000000B0000000A000000070000000600000005000000040000000100000071
S32D0002113800000000000000000100000008000000090000000A0000000B00000011000000100000000F00000030
S32D000211600E0000000D0000000C0000000B0000000A0000000900000008000000070000001900000018000000DA
S32D000211881A0000001B0000001C0000007630322E30392E3030000000256400002D25642E253033640000000090
S32D000211B025642E2530336400747275650000000066616C73650000007374643A3A6261645F616C6C6F63000051
S32D000211D8F8120200E4110200381202005374396261645F616C6C6F630000000000000000D8110200F113010017
S32D0002120005140100E91301007374643A3A6261645F657863657074696F6E000000140200401202000014020013
S32D0002122860120200F8120200841202003812020000140200981202004E31305F5F637878616269763131355F18
S32D000212505F666F726365645F756E77696E6445004E31305F5F637878616269763131395F5F666F726569676EBE
S32D000212785F657863657074696F6E4500537431336261645F657863657074696F6E00000053743965786365703E
S32D000212A074696F6E00000000000000002C120200851501009115010089150100F8120200C8120200C81302007E
S32D000212C84E31305F5F637878616269763132305F5F73695F636C6173735F747970655F696E666F450000000081
S32D000212F000000000BC120200691701007D1701008918010089180100951A0100C519010059180100D5170100B6
S32D00021318991701000014020024130200537439747970655F696E666F000000007465726D696E6174652063612B
S32D000213406C6C6564207265637572736976656C790A0000007465726D696E6174652063616C6C6564206166744C
S32D000213686572207468726F77696E6720616E20696E7374616E6365206F66202700000000270A00007465726D63
S32D00021390696E6174652063616C6C656420776974686F757420616E2061637469766520657863657074696F6EE9
S32D000213B80A00000020207768617428293A202000F8120200D41302001C1302004E31305F5F63787861626976B4
S32D000213E03131375F5F636C6173735F747970655F696E666F4500000000000000C8130200051A0100191A0100CE
S32D000214088918010089180100951A0100C5190100791A0100351A0100F9190100256400005F474C4F42414C5FF2
S32D000214300000000028616E6F6E796D6F7573206E616D657370616365290000006175746F000000006465636C34
S32D0002145874797065286175746F290000737472696E67206C69746572616C0000737464006465636C747970654F
S32D00021480286E756C6C707472290000005B6162693A0000003A3A00007B64656661756C742061726723000000C8
S32D000214A87D3A3A006175746F3A00000074656D706C61746520706172616D65746572206F626A65637420666F67
S32D000214D072200000767461626C6520666F72200056545420666F722000000000636F6E737472756374696F6EA5
S32D000214F820767461626C6520666F7220000000002D696E2D0000000074797065696E666F20666F722000000079
S32D0002152074797065696E666F206E616D6520666F7220000074797065696E666F20666E20666F722000000000FC
S32D000215486E6F6E2D7669727475616C207468756E6B20746F20000000636F76617269616E742072657475726E00
S32D00021570207468756E6B20746F2000006A61766120436C61737320666F722000677561726420766172696162F7
S32D000215986C6520666F722000544C5320696E69742066756E6374696F6E20666F72200000544C5320777261702A
S32D000215C07065722066756E6374696F6E20666F72200000007265666572656E63652074656D706F7261727920D5
S32D000215E82300000068696464656E20616C69617320666F72200000006E6F6E2D7472616E73616374696F6E2055
S32D00021610636C6F6E6520666F722000005F536174200000005F467261637400005F416363756D00002C20000088
S32D000216386F70657261746F72000000006F70657261746F72200000003E28000071750000203A20006E6577205A
S32D0002166000000000756C00006C6C0000756C6C0066616C736500000074727565000000006A617661207265737D
S32D000216886F757263652000006465636C74797065202800002E2E2E0074686973000000007B7061726D230000C2
S32D000216B0676C6F62616C20636F6E7374727563746F7273206B6579656420746F20000000676C6F62616C2064F6
S32D000216D8657374727563746F7273206B6579656420746F20000000007B6C616D626461280000000029230000DF
S32D000217007B756E6E616D65642074797065230000205B636C6F6E65200000000020726573747269637400000015
S32D0002172820766F6C6174696C6500000020636F6E73740000207472616E73616374696F6E5F7361666500000006
S32D00021750206E6F657863657074000000207468726F77000026260000205F436F6D706C6578000000205F496DB7
S32D000217786167696E617279003A3A2A00205F5F766563746F72280000282E2E2E000000002E2E2E2900000000BA
S32D000217A07374643A3A616C6C6F6361746F720000616C6C6F6361746F720000007374643A3A62617369635F7345
S32D000217C87472696E6700000062617369635F737472696E67000000007374643A3A737472696E67007374643AFA
S32D000217F03A62617369635F737472696E673C636861722C207374643A3A636861725F7472616974733C636861B6
S32D00021818723E2C207374643A3A616C6C6F6361746F723C636861723E203E00007374643A3A6973747265616DFA
S32D00021840000000007374643A3A62617369635F6973747265616D3C636861722C207374643A3A636861725F740D
S32D0002186872616974733C636861723E203E00000062617369635F6973747265616D0000007374643A3A6F73744C
S32D000218907265616D000000007374643A3A62617369635F6F73747265616D3C636861722C207374643A3A6368B8
S32D000218B861725F7472616974733C636861723E203E00000062617369635F6F73747265616D0000007374643AE0
S32D000218E03A696F73747265616D0000007374643A3A62617369635F696F73747265616D3C636861722C207374A9
S32D00021908643A3A636861725F7472616974733C636861723E203E000062617369635F696F73747265616D000008
S32D00021930614E0000263D0000615300003D000000616100006164000026000000616E000061740000616C696796
S32D000219586E6F66200000000061770000636F5F617761697420000000617A000063630000636F6E73745F6361D2
S32D0002198073740000636C000028290000636D00002C000000636F00007E000000645600002F3D000064610000F9
S32D000219A864656C6574655B5D200000006463000064796E616D69635F6361737400000000646500002A0000001B
S32D000219D0646C000064656C6574652000647300002E2A000064740000647600002F000000654F00005E3D000025
S32D000219F8656F00005E000000657100003D3D0000664C000066520000666C000066720000676500003E3D0000E2
S32D00021A206773000067740000697800005B5D00006C5300003C3C3D003C3D00006C6900006F70657261746F721A
S32D00021A48222220006C7300003C3C00006C7400003C0000006D4900002D3D00006D4C00002A3D00006D69000081
S32D00021A702D0000006D6C00006D6D00002D2D00006E6100006E65775B5D0000006E650000213D00006E74000028
S32D00021A98210000006E7700006E6577006F5200007C3D00006F6F00007C7C00007C000000704C00002B3D0000DE
S32D00021AC0706C00002B000000706D00002D3E2A00707000002B2B000070730000707400002D3E00003F000000D6
S32D00021AE8724D0000253D0000725300003E3E3D00726300007265696E746572707265745F63617374000000009C
S32D00021B10726D000025000000727300003E3E00007350000073697A656F662E2E2E000000735A000073630000C0
S32D00021B387374617469635F6361737400737300003C3D3E0073697A656F662000737A0000747200007468726F0E
S32D00021B6077000000747700007468726F772000007369676E6564206368617200626F6F6C00000000626F6F6C0F
S32D00021B8865616E0063686172000000006279746500000000646F75626C6500006C6F6E6720646F75626C6500E1
S32D00021BB0666C6F61740000005F5F666C6F61743132380000756E7369676E65642063686172000000696E74001A
S32D00021BD8756E7369676E656420696E7400000000756E7369676E6564000000006C6F6E6700000000756E736949
S32D00021C00676E6564206C6F6E670000005F5F696E7431323800000000756E7369676E6564205F5F696E743132B9
S32D00021C283800000073686F7274000000756E7369676E65642073686F72740000766F6964000000007763686122
S32D00021C50725F74006C6F6E67206C6F6E67000000756E7369676E6564206C6F6E67206C6F6E670000646563690D
S32D00021C786D616C3332000000646563696D616C3634000000646563696D616C313238000068616C66000000005F
S32D00021CA063686172385F74006368617231365F74000000006368617233325F74000000007400000074140200BF
S32D00021CC8030000007414020003000000000000000000000061000000A01702000E000000A01702000E0000006D
S32D00021CF0B01702000900000062000000BC17020011000000BC17020011000000D01702000C000000730000005C
S32D00021D18E01702000B000000EC17020046000000D01702000C00000069000000341802000C0000004418020036
S32D00021D4031000000781802000D0000006F000000881802000C0000009818020031000000CC1802000D000000B0
S32D00021D6864000000DC1802000D000000EC18020032000000201902000E000000701B02000B000000701B02003E
S32D00021D900B000000000000007C1B020004000000841B020007000000070000008C1B020004000000941B02006E
S32D00021DB804000000000000009C1B0200060000009C1B02000600000008000000A41B02000B000000A41B0200E4
S32D00021DE00B00000008000000B01B020005000000B01B02000500000008000000B81B02000A000000B81B020060
S32D00021E080A00000008000000C41B02000D000000C41B02000D00000000000000D41B020003000000D41B0200D7
S32D00021E300300000001000000D81B02000C000000E81B020008000000020000000000000000000000000000006E
S32D00021E580000000000000000F41B020004000000F41B02000400000003000000FC1B02000D000000FC1B0200EE
S32D00021E800D000000040000000C1C0200080000000C1C02000800000000000000181C020011000000181C020040
S32D00021EA811000000000000000000000000000000000000000000000000000000000000000000000000000000F9
S32D00021ED0000000000000000000000000000000000000000000000000000000002C1C0200050000002C1C020049
S32D00021EF80500000000000000341C02000E000000341C02000E00000000000000000000000000000000000000F5
S32D00021F200000000000000000441C020004000000441C020004000000090000004C1C0200070000008C1B0200A2
S32D00021F480400000000000000541C020009000000F41B02000400000005000000601C020012000000601C0200C2
S32D00021F7012000000060000009C160200030000009C1602000300000000000000741C020009000000741C02008E
S32D00021F980900000000000000801C020009000000801C020009000000000000008C1C02000A0000008C1C020064
S32D00021FC00A00000000000000981C020004000000981C02000400000008000000A01C020007000000A01C0200E8
S32D00021FE80700000000000000A81C020008000000A81C02000800000000000000B41C020008000000B41C02007A
S32D0002201008000000000000007814020011000000781402001100000000000000301902003419020002000000BE
S32D0002203802000000381902003C190200010000000200000040190200641702000200000002000000441902008E
S32D000220604819020001000000010000004C1902004819020001000000020000005019020054190200080000003C
S32D000220880100000060190200641902000900000001000000701902005419020008000000010000007419020091
S32D000220B0781902000A00000002000000841902008819020002000000020000008C1902009019020001000000C8
S32D000220D802000000941902009819020001000000010000009C190200A01902000200000002000000A41902003D
S32D00022100A81902000900000001000000B4190200B81902000C00000002000000C8190200CC1902000100000067
S32D0002212801000000D0190200D41902000700000001000000DC190200E01902000200000002000000E4190200AF
S32D000221502C1B02000100000002000000E8190200EC1902000100000002000000F0190200F419020002000000EA
S32D0002217802000000F8190200FC1902000100000002000000001A0200041A02000200000002000000081A0200A4
S32D000221A09C16020003000000030000000C1A02009C1602000300000003000000101A02009C1602000300000090
S32D000221C802000000141A02009C1602000300000002000000181A02001C1A02000200000002000000201A020050
S32D000221F0941402000200000001000000241A0200741802000100000002000000281A02002C1A020002000000B3
S32D0002221802000000301A0200341A02000300000002000000A01B0200381A020002000000020000003C1A020086
S32D00022240401A02000B000000010000004C1A0200501A02000200000002000000541A0200581A02000100000049
S32D00022268020000005C1A0200601A02000200000002000000641A0200681A020002000000020000006C1A0200BC
S32D00022290701A02000100000002000000741A0200CC1902000100000002000000781A02007C1A020002000000E7
S32D000222B801000000801A0200841A020005000000030000008C1A0200901A02000200000002000000701C0200CB
S32D000222E0701A02000100000001000000941A0200981A020001000000010000009C1A0200A01A02000300000063
S32D0002230803000000A41A0200A81A02000200000002000000AC1A0200B01A02000200000002000000AC170200BD
S32D00022330B41A02000100000002000000B81A0200BC1A02000200000002000000C01A0200C41A0200010000003D
S32D0002235802000000C81A0200CC1A02000300000002000000D01A0200D41A02000200000001000000D81A0200AF
S32D00022380C41A02000100000001000000DC1A0200E01A0200020000000200000054160200E41A020001000000E6
S32D000223A803000000E81A0200EC1A02000200000002000000F01A0200F41A02000300000002000000F81A0200BD
S32D000223D0FC1A02001000000002000000101B0200141B02000100000002000000181B02001C1B020002000000E2
S32D000223F802000000201B0200241B02000900000001000000301B0200241B02000900000001000000341B020042
S32D00022420381B02000B00000002000000441B0200481B02000300000002000000801902004C1B02000700000054
S32D0002244801000000541B02004C1B02000700000001000000581B02005C1B02000500000000000000641B02000D
S32D00022470681B0200060000000100000000000000000000000000000000000000300D0020494E4600696E660039
S32D000224984E414E006E616E00303132333435363738396162636465660000000030313233343536373839414208
S32D000224C04344454600000000286E756C6C290000300000002020202020202020202020202020202030303030DE
S32D000224E83030303030303030303030304E614E00496E66696E6974790000000042616C6C6F63207375636365BD
S32D0002251065646564000000002F746D702F6A656E6B696E732D4743432D31302D706970656C696E652D33333892
S32D000225385F32303231313031385F313633343531363139352F7372632F6E65776C69622F6E65776C69622F6CAB
S32D000225606962632F7374646C69622F64746F612E630000002F746D702F6A656E6B696E732D4743432D31302DAE
S32D00022588706970656C696E652D3333385F32303231313031385F313633343531363139352F7372632F6E6577BC
S32D000225B06C69622F6E65776C69622F6C6962632F7374646C69622F6D707265632E6300000080E03779C341436C
S32D000225D8176E05B5B5B89346F5F93FE9034F384D321D30F94877825A3CBF737FDD4F1575000000000000F03F7C
S32D00022600000000000000244000000000000059400000000000408F40000000000088C34000000000006AF84071
S32D000226280000000080842E4100000000D01263410000000084D797410000000065CDCD41000000205FA00242B3
S32D00022650000000E876483742000000A2941A6D42000040E59C30A2420000901EC4BCD64200003426F56B0C4318
S32D000226780080E03779C3414300A0D8855734764300C84E676DC1AB43003D9160E458E143408CB5781DAF154455
S32D000226A050EFE2D6E41A4B4492D54D06CFF08044F64AE1C7022DB544B49DD9794378EA4405000000190000008F
S32D000226C87D0000002C2066756E6374696F6E3A2000000000617373657274696F6E2022257322206661696C6564
S32D000226F0643A2066696C6520222573222C206C696E65202564257325730A000000202020202020202020282819
S32D000227182828282020202020202020202020202020202020208810101010101010101010101010101004040455
S32D000227400404040404040410101010101010414141414141010101010101010101010101010101010101010143
S32D0002276810101010101042424242424202020202020202020202020202020202020202021010101020000000CD
S32D000227900000000000000000000000000000000000000000000000000000000000000000000000000000000019
S32D000227B800000000000000000000000000000000000000000000000000000000000000000000000000000000F1
S32D000227E000000000000000000000000000000000000000000000000000000000000000000000000000000000C9
S32D00022808000000000000000043000000504F53495800000020202020202020202020202020202020303030300A
S32D00022830303030303030303030303030F8B500BFF8BC08BC9E467047D5D7010065C4000031C5000091EA000072
S32D00022858B1F90000FD0E0100A90F01000D100100851201005113010059150100F8B500BFF8BC08BC9E467047D8
S32D000228806D57FF7F8408B101B0B0B000FF1019010C020608010C0410051E08000001007F00007D00000000000A
S32D000228A80000000008B10181B0B000840000000008B10181B0B00084000000002957FF7FB0AA0100FF10290130
S32D000228D018323000006C04A40103762E0000C00118E80100E2010E00000200017D0000000000000044E9FFFF44
S32D000228F8F556FF7FB0AF0400FF1019010F320A3C01840142CC0100D4010400000100000000000000D156FF7FC0
S32D00022920A908B100FFFF010008B10181B0B0008400000000B956FF7FB0AF1200FF101901101E98070000D80734
S32D0002294804A20901C4080400000100000000000008B10181B0B000840000000008B10181B0B0008400000000A0
S32D000229702CEAFE7F0100000034EAFE7FB0B0A88068EAFE7F0100000018ECFE7FF4FEFF7F38ECFE7F010000001D
S32D0002299844ECFE7F10FFFF7F44ECFE7F14FFFF7F50ECFE7F0100000068ECFE7FB0B0A880A4ECFE7F0100000076
S32D000229C0F4ECFE7FB0B0AA8020EDFE7FB0B0A88088EDFE7F0100000080EEFE7FB0B0AC80A4EEFE7F0100000074
S32D000229E8D0EEFE7FD8FEFF7FD4EFFE7FB0AA038000F0FE7F010000007050FF7FB0AB02801C51FF7F010000009E
S32D00022A104452FF7FE4FEFF7F2053FF7F00FFFF7F9453FF7F010000002854FF7FB0B0AA80E054FF7FF4FEFF7FA8
S32D00022A382055FF7FAB08B180AC55FF7FF0FEFF7F4C5AFF7F010000007C6AFF7FB0A90280106BFF7FB0B0A880C7
S32D00022A60606BFF7F010000006C6BFF7FB0B0AA80A06BFF7FAE71B280646CFF7F01000000606CFF7FAB3F388008
S32D00022A88C06CFF7F01000000C86CFF7FB0B0AA80046DFF7F01000000B06DFF7FAA0DB2802C6EFF7FB0AF0880C4
S32D00022AB0CC70FF7F01000000D070FF7FAD3F02804C73FF7F010000002875FF7F008404803C75FF7F010000007E
S32D00022AD83875FF7FB0AD0480DC77FF7FB0A803800078FF7F6CFEFF7F0478FF7F70FEFF7F1078FF7F010000004B
S32D00022B000000000001FFFFFF170034022D0036022B00380229003A02270006023000060225000602320006025D
S32D00022B2823000602340006022100060204002E01040006021F00060204003001040006021D00060204003201EA
S32D00022B50040006021B000602040034010400060219000602040036010400060217000602040038010400060211
S32D00022B781500060204003A01040006021300060204003C01040006021100060204003E01040006020F000602DE
S32D00022BA004004001040006020D00060204004201040006020B0006020400440104000602090006020400460188
S32D00022BC8040006020700060204004801040006020500060204004A01040006020300060204004C010400060299
S32D00022BF00100060204004E0104000B0204005001040009020400520104000802030054010300080203005401C2
S32D00022C180300080203001D011A001D010300080203001C011C001C010300080203001B011E001B01030008024D
S32D00022C4003001A010400180204001A01030008020300190104001A0204001901030008020300180104001C0256
S32D00022C6804001801030008020300170104001E020400170103000802030016010400060215000502040016014D
S32D00022C900300080203001501040006021700050204001501030008020300150103000602190005020300150140
S32D00022CB80300080203001501030005021B000402030015010300080203001501030004021C0004020300150118
S32D00022CE00300080203001501030004021C000402030015010300080203001501030004021C00040203001501F0
S32D00022D080300080203001501030004021C000402030015010300080203001501030004021C00040203001501C7
S32D00022D300300080203001501030004021C000402030015010300080203001501030004021C000402030015019F
S32D00022D580300080203001501030004021C000402030015010300080203001501030004021C0004020300150177
S32D00022D800300080203001501030004021C000402030015010300080203001501030004021C000402030015014F
S32D00022DA80300080203001501030004021C000402030015010300080203001501030004021C0004020300150127
S32D00022DD00300080203001501030004021C000402030015010300080203001501030004021C00040203001501FF
S32D00022DF80300080203001501030004021C000402030015010300080203001501030004021C00040203001501D7
S32D00022E200300080203001501030004021C000402030015010300080203001501030004021C00040203001501AE
S32D00022E480300080203001501030004021C000402030015010300080203001501030004021C0004020300150186
S32D00022E700300080203001501030004021C000402030015010300080203001501030004021C000402030015015E
S32D00022E980300080203001501030004021C000402030015010300080203001501030004021C0004020300150136
S32D00022EC00300080203001501030004021C000402030015010300080203001501030004021C000402030015010E
S32D00022EE80300080203001501030004021C000402030015010300080203001501030004021C00040203001501E6
S32D00022F100300080203001501030004021C000402030015010300080203001501030004021C00040203001501BD
S32D00022F380300080203001501030004021C000402030015010300080203001501030004021C0004020300150195
S32D00022F600300080203001501030004021C000402030015010300080203001501030004021C000402030015016D
S32D00022F880300080203001501030004021C000402030015010300080203001501030004021C0004020300150145
S32D00022FB00300080203001501030004021C000402030015010300080203001501030004021C000402030015011D
S32D00022FD80300080203001501030004021C000402030015010300080203001501030004021C00040203001501F5
S32D000230000300080203001501030004021C000402030015010300080203001501030004021C00040203001501CC
S32D000230280300080203001501030004021C000402030015010300080203001501030004021C00040203001501A4
S32D000230500300080203001501030004021C000402030015010300080203001501030004021C000402030015017C
S32D000230780300080203001501030004021C000402030015010300080203001501030005021B0004020300150154
S32D000230A0030008020300150103000602190005020300150103000802030015010400060217000502040015012C
S32D000230C80300080203001601040006021500050204001601030008020300170104001E020400170103000802F9
S32D000230F00300180104001C0204001801030008020300190104001A02040019010300080203001A0104001802A4
S32D0002311804001A010300080203001B011E001B010300080203001C011C001C010300080203001D011A001D0136
S32D00023140030008020300540103000802030054010300080204005201040009020400500104000B0204004E0169
S32D00023168040006020100060204004C01040006020300060204004A0104000602050006020400480104000602F9
S32D000231900700060204004601040006020900060204004401040006020B00060204004201040006020D000602C8
S32D000231B804004001040006020F00060204003E01040006021100060204003C01040006021300060204003A0170
S32D000231E00400060215000602040038010400060217000602040036010400060219000602040034010400060281
S32D000232081B00060204003201040006021D00060204003001040006021F00060204002E0104000602210006023B
S32D00023230340006022300060232000602250006023000060227003A02290038022B0036022D0034021700FFFFC7
S32D0002325843000201930003019200040191000501900006012B000102630006012A000302620006012900050244
S32D00023280610006012800070226000501230006010C0006011300060108000102050009020500010216000201C6
S32D000232A805000A01090002010500080106000B010700100109000A0106000202050007020500020207000B015A
S32D000232D00400030102000D010800030102000A0104000E010600100107000E010400030205000502050003023E
S32D000232F805000E010300130107000F0103001001050010010600100103000402040005020400040204001001F0
S32D000233200200140106000F010200120104001001050012010200050203000502030005020300120101001501C4
S32D0002334805000F01020013010300100105001201020006020200050202000602030012010100090105000701B3
S32D0002337005000F01010008010500070103001001040008010300070103000602020005020200060202001301A1
S32D000233980100070108000701040007010900060108000701040006010C00060105000601040005020300050281
S32D000233C003000502020006010E0007010900060104000601090006010A000601040006010B000601050006014F
S32D000233E8050005020300050203000502020006010E0006010B00050104000601090006010A000601040006012F
S32D000234100B0006010400070105000502030005020300050202000E01060006010B000601030006010900060104
S32D000234380B000501040006010B0006010300070106000502030005020300050203001001030006010B000601DA
S32D0002346003000601090006010B000501040006010B0006010300060107000502030005020300050203001101B3
S32D00023488020006010B00060103000601090006010B000501040006010B0006010200060108000502030005028F
S32D000234B00300050204001101010006010B00060103000601090006010B000501040006010B0006010100060162
S32D000234D8090005020300050203000502050017010A00060104000601090006010A000601040006010B000C0123
S32D000235000A00050203000502030005020700160109000601040006010900070109000601050006010B000B01F9
S32D000235280400010105000502030005020300050210000E0107000701040006010A0007010700060106000701E6
S32D000235500A000A010400030104000602020005020200060211000F0103000801050006010A00080104000801B6
S32D0002357806000D01040009010300060104000602010005020100060204002801050006010B00120108000C016E
S32D000235A0050012010300130204002701060006010C00110109000B010600110104001102050012010100130103
S32D000235C8070006010D000F010B000A0107000F0106000F020600120101001201080006010E000C010E000901F5
S32D000235F008000C0109000D020700110102000601020008010A00060110000901110007010A0009010B000B02E1
S32D0002361808000F01040006018F0006018F0006018F0006018F0006018F0006018F0006018F0006018F00FFFFB8
S32D00023640000000000000005F00000007000700147F147F14242A7F2A1223130864623649552250000503000058
S32D00023668001C2241000041221C00082A1C2A0808083E08080050300000080808080800606000002010080402B0
S32D000236903E5149453E00427F400042615149462141454B311814127F1027454545393C4A494930017109050341
S32D000236B83649494936064949291E003636000000563600000008142241141414141441221408000201510906FF
S32D000236E0324979413E7E1111117E7F494949363E414141227F4141221C7F494949417F090901013E41415132B5
S32D000237087F0808087F00417F41002040413F017F081422417F404040407F0204027F7F0408107F3E4141413EBD
S32D000237307F090909063E4151215E7F09192946464949493101017F01013F4040403F1F2040201F7F2018207F43
S32D0002375863140814630304780403615149454300007F4141020408102041417F000004020102044040404040B5
S32D00023780000102040020545454787F484444383844444420384444487F3854545418087E090102081454543C6E
S32D000237A87F0804047800447D40002040443D00007F10284400417F40007C041804787C080404783844444438B9
S32D000237D07C14141408081414187C7C080404084854545420043F4440203C4040207C1C2040201C3C4030403C2E
S32D000237F844281028440C5050503C4464544C44000836410000007F0000004136080008082A1C08081C2A0808BC
S32D00023820C9150100B9180100300D0020FFFFFFFF000000001C10002084100020EC100020000000000000000052
S32D000238480000000000000000000000000000000000000000000000000000000000000000000000000000000050
S32D000238700000000000000000000000000000000000000000000000000000000000000000000000000000000028
S32D000238980000000000000000000000000000000000000000000000000000000000000000000000000000000000
S32D000238C000000000000000000000000000000000000000000000000001000000000000000E33CDAB34126DE685
S32D000238E8ECDE05000B0000000000000000000000000000000000000000000000000000000000000000000000D6
S32D000239100000000000000000000000000000000000000000000000000000000000000000000000000000000087
S32D00023938000000000000000000000000000000000000000000000000000000000000000000000000000000005F
S32D000239600000000000000000000000000000000000000000000000000000000000000000000000000000000037
S32D00023988000000000000000000000000000000000000000000000000000000000000000000000000000000000F
S32D000239B000000000000000000000000000000000000000000000000000000000000000000000000000000000E7
S32D000239D800000000000000000000000000000000000000000000000000000000000000000000000000000000BF
S32D00023A000000000000000000000000000000000000000000000000000000000000000000000000000000000096
S32D00023A28000000000000000000000000000000000000000000000000000000000000000000000000000000006E
S32D00023A500000000000000000000000000000000000000000000000000000000000000000000000000000000046
S32D00023A78000000000000000000000000000000000000000000000000000000000000000000000000000000001E
S32D00023AA000000000000000000000000000000000000000000000000000000000000000000000000000000000F6
S32D00023AC800000000000000000000000000000000000000000000000000000000000000000000000000000000CE
S32D00023AF000000000000000000000000000000000000000000000000000000000000000000000000000000000A6
S32D00023B18000000000000000000000000000000000000000000000000000000000000000000000000000000007D
S32D00023B400000000000000000000000000000000000000000000000000000000000000000000000000000000055
S32D00023B68000000000000000000000000000000000000000000000000000000000000000000000000000000002D
S32D00023B900000000000000000000000000000000000000000000000000000000000000000000000000000000005
S32D00023BB800000000000000000000000000000000000000000000000000000000000000000000000000000000DD
S32D00023BE000000000000000000000000000000000000000000000000000000000000000000000000000000000B5
S32D00023C08000000000000000000000000000000000000000000000000000000000000000000000000000000008C
S32D00023C300000000000000000000000000000000000000000000000000000000000000000000000000000000064
S32D00023C580000000000000000581100205811002060110020601100206811002068110020701100207011002094
S32D00023C8078110020781100208011002080110020881100208811002090110020901100209811002098110020DA
S32D00023CA8A0110020A0110020A8110020A8110020B0110020B0110020B8110020B8110020C0110020C011002022
S32D00023CD0C8110020C8110020D0110020D0110020D8110020D8110020E0110020E0110020E8110020E81100206A
S32D00023CF8F0110020F0110020F8110020F8110020001200200012002008120020081200201012002010120020AC
S32D00023D2018120020181200202012002020120020281200202812002030120020301200203812002038120020EF
S32D00023D484012002040120020481200204812002050120020501200205812002058120020601200206012002037
S32D00023D70681200206812002070120020701200207812002078120020801200208012002088120020881200207F
S32D00023D9890120020901200209812002098120020A0120020A0120020A8120020A8120020B0120020B0120020C7
S32D00023DC0B8120020B8120020C0120020C0120020C8120020C8120020D0120020D0120020D8120020D81200200F
S32D00023DE8E0120020E0120020E8120020E8120020F0120020F0120020F8120020F8120020001300200013002055
S32D00023E100813002008130020101300201013002018130020181300202013002020130020281300202813002094
S32D00023E3830130020301300203813002038130020401300204013002048130020481300205013002050130020DC
S32D00023E605813002058130020601300206013002068130020681300207013002070130020781300207813002024
S32D00023E888013002080130020881300208813002090130020901300209813002098130020A0130020A01300206C
S32D00023EB0A8130020A8130020B0130020B0130020B8130020B8130020C0130020C0130020C8130020C8130020B4
S32D00023ED8D0130020D0130020D8130020D8130020E0130020E0130020E8130020E8130020F0130020F0130020FC
S32D00023F00F8130020F813002000140020001400200814002008140020101400201014002018140020181400203B
S32D00023F282014002020140020281400202814002030140020301400203814002038140020401400204014002081
S32D00023F5048140020481400205014002050140020581400205814002060140020601400206814002068140020C9
S32D00023F787014002070140020781400207814002080140020801400208814002088140020901400209014002011
S32D00023FA09814002098140020A0140020A0140020A8140020A8140020B0140020B0140020B8140020B814002059
S32D00023FC8C0140020C0140020C8140020C8140020D0140020D0140020D8140020D8140020E0140020E0140020A1
S32D00023FF0E8140020E8140020F0140020F0140020F8140020F814002000150020001500200815002008150020E5
S32D000240181015002010150020181500201815002020150020201500202815002028150020301500203015002026
S32D000240403815002038150020401500204015002048150020481500205015002050150020FFFFFFFF000002008A
S32D00024068081B00204300000000000000000000000000000000000000000000000000000000000000430000005F
S32D0002409000000000000000000000000000000000000000000000000000000000430000000000000000000000BD
S32D000240B80000000000000000000000000000000000000000430000000000000000000000000000000000000095
S32D000240E0000000000000000000000000430000000000000000000000000000000000000000000000000000006D
S32D000241080000000043000000000000000000000000000000000000000000000000000000000000004300000001
S32D000241300000000000000000000000000000000000000000000000000000000091090200A1FA01000000000027
S32D000241580C2702002C1B0200D8260200D8260200D8260200D8260200D8260200D8260200D8260200D8260200B9
S32D00024180D8260200FFFFFFFFFFFFFFFFFFFFFFFFFFFF00000100415343494900000000000000000000000000B3
S32D000241A8000000000000000000000000000041534349490000000000000000000000000000000000000000007E
S30D000241D00000000000000000DF
S7050000C25DDB
